rank,id,content_type,source_type,language_structure,demo_mode,global_mean,global_max,visual_rel,auditory_rel,language_rel,prefrontal_rel,motor_rel,parietal_rel
1,rss_b3_0033,ThreatSafety,nyt_world,short_declarative_present_tense,true,-0.000040,0.056731,-0.002982,0.014656,0.008077,-0.011421,-0.009265,0.001088
2,ax_s2_0022,Abstract,arxiv_abstract,formal_definition,true,-0.000389,0.071055,-0.028784,-0.015791,-0.023571,0.029098,0.024962,0.018162
3,pm_s2_0085,Abstract,pubmed_abstract,formal_definition,true,-0.000402,0.060800,0.009835,0.022699,0.022444,-0.017644,-0.027276,-0.012804
4,wc_m2_0008,ImageVisual,wikimedia_commons,sensory_descriptive,true,-0.000422,0.059191,0.008620,0.023045,0.029693,-0.022014,-0.033206,-0.009542
5,aud_m3_0012,AudioText,nature_recording,acoustic_descriptive,true,-0.000458,0.071893,0.001316,0.011981,0.005839,-0.003899,-0.011718,-0.004122
6,pm_s2_0083,Abstract,pubmed_abstract,formal_definition,true,-0.000581,0.066337,0.012099,0.029362,0.026689,-0.028225,-0.026535,-0.016005
7,hn_b4_0028,Novelty,hackernews_announcement,surprise_framing,true,-0.000591,0.066600,0.018089,0.026465,0.032251,-0.030649,-0.028324,-0.021689
8,wk_m1_0006,TextVerbal,wikipedia_long_form,neutral_declarative_512tok,true,-0.000595,0.076463,0.019704,0.034082,0.033374,-0.037659,-0.031542,-0.021541
9,wk_s4_0001,Factual,wikipedia_first_sentence,declarative_third_person,true,-0.000628,0.054016,-0.011959,-0.001253,0.004903,0.010588,-0.010507,0.007761
10,aud_m3_0006,AudioText,music_description,spectral_descriptive,true,-0.000650,0.074039,0.002373,0.011229,0.006604,-0.006411,-0.012087,-0.002371
11,pm_b4_0111,Novelty,pubmed_abstract,academic_breakthrough,true,-0.000662,0.068169,0.004341,0.022080,0.010398,-0.015130,-0.013127,-0.009074
12,wk_s4_0003,Factual,wikipedia_first_sentence,declarative_third_person,true,-0.000716,0.054800,-0.025106,-0.008325,-0.022780,0.025238,0.015312,0.019480
13,hn_b4_0035,Novelty,hackernews_announcement,surprise_framing,true,-0.000720,0.063405,0.011369,0.026846,0.028838,-0.029782,-0.023875,-0.016109
14,aud_m3_0003,AudioText,nature_recording,acoustic_descriptive,true,-0.000739,0.070338,-0.002364,0.008426,-0.001179,0.001836,-0.007320,0.000885
15,pm_b4_0093,Novelty,pubmed_abstract,academic_breakthrough,true,-0.000746,0.067640,0.003943,0.019857,0.016292,-0.016967,-0.012283,-0.011976
16,s3_010,Emotional,reddit_personal,mixed_valence,true,-0.000761,0.064798,-0.014444,-0.003144,-0.007127,0.018818,0.005439,0.001571
17,s4_009,Factual,encyclopedia,declarative_third_person,true,-0.000802,0.069796,0.014660,0.030857,0.031748,-0.032941,-0.030093,-0.017478
18,ax_s2_0032,Abstract,arxiv_abstract,formal_definition,true,-0.000832,0.065488,0.009822,0.027994,0.025743,-0.026694,-0.027265,-0.012031
19,hn_b4_0031,Novelty,hackernews_announcement,surprise_framing,true,-0.000866,0.063724,0.009927,0.022888,0.020242,-0.018704,-0.022262,-0.014363
20,wk_s5_0004,Spatial,wikipedia_geography_anatomy,positional_relational,true,-0.000868,0.068616,-0.012140,0.005051,-0.000796,0.002643,0.001439,0.005063
21,s3_002,Emotional,reddit_personal,first_person_positive,true,-0.000868,0.060469,0.006729,0.018414,0.020084,-0.017113,-0.022903,-0.007392
22,aud_m3_0009,AudioText,crowd_recording,acoustic_descriptive,true,-0.000871,0.072091,-0.002510,0.006276,-0.003453,0.004731,-0.004090,-0.000530
23,wc_m2_0049,ImageVisual,wikimedia_commons,sensory_descriptive,true,-0.000876,0.062810,-0.009454,0.003228,0.011243,-0.004104,-0.005255,0.004046
24,b4_008,Novelty,ocean_exploration,surprise_framing,true,-0.000887,0.057660,0.005588,0.026355,0.017249,-0.012787,-0.023331,-0.014879
25,hn_s2_0057,Abstract,hackernews_discussion,conditional_argument,true,-0.000898,0.068775,0.016121,0.031162,0.019708,-0.022173,-0.029046,-0.018308
26,rss_b4_0084,Novelty,nyt_science,surprise_framing,true,-0.000902,0.063109,-0.012495,-0.002060,-0.006390,0.011893,-0.001325,0.011520
27,s4_cp_active,Factual,contrastive_pair,active_declarative,true,-0.000946,0.055869,-0.003045,0.013080,0.009693,-0.002913,-0.012084,-0.005447
28,ax_b4_0007,Novelty,arxiv_breakthrough,superlative_first_ever,true,-0.000987,0.060726,0.008911,0.026756,0.009460,-0.008676,-0.020599,-0.017180
29,pm_s2_0064,Abstract,pubmed_abstract,formal_definition,true,-0.000998,0.056979,0.010303,0.024300,0.022495,-0.027470,-0.025383,-0.006304
30,m3_007,AudioText,crowd_recording,acoustic_descriptive,true,-0.001006,0.060352,-0.014488,0.001011,-0.003146,0.012670,0.000088,0.004854
31,hn_b4_0038,Novelty,hackernews_announcement,surprise_framing,true,-0.001007,0.062293,-0.006354,0.011086,0.008393,-0.002640,-0.007089,-0.003570
32,rss_b3_0037,ThreatSafety,nyt_world,short_declarative_present_tense,true,-0.001007,0.055966,0.000669,0.017585,0.017574,-0.017675,-0.016144,-0.003099
33,s4_004,Factual,encyclopedia,declarative_third_person,true,-0.001033,0.070841,0.000999,0.012386,-0.005984,-0.001184,-0.004810,-0.000472
34,b3_001,ThreatSafety,breaking_news,short_declarative_present_tense,true,-0.001047,0.059712,-0.014251,0.000845,-0.002281,0.004574,0.006449,0.006209
35,ax_s2_0048,Abstract,arxiv_abstract,formal_definition,true,-0.001073,0.063402,0.005580,0.024776,0.014281,-0.014215,-0.018932,-0.012751
36,s2_003,Abstract,philosophy,dense_nominal_nested,true,-0.001088,0.054992,0.012127,0.026741,0.022322,-0.025509,-0.026371,-0.011617
37,pm_s2_0069,Abstract,pubmed_abstract,formal_definition,true,-0.001103,0.056862,-0.005772,0.010207,-0.001733,-0.000563,-0.002839,0.001700
38,m1_32_004,TextVerbal,wikipedia,neutral_declarative_32tok,true,-0.001116,0.061740,0.026288,0.040638,0.044137,-0.047683,-0.043810,-0.024635
39,b4_011,Novelty,wildlife,superlative_first_ever,true,-0.001120,0.060547,0.006448,0.022564,0.028830,-0.018946,-0.026858,-0.015175
40,m1_32_002,TextVerbal,wikipedia,neutral_declarative_32tok,true,-0.001121,0.052603,-0.010998,0.003294,-0.004115,0.009954,-0.004477,0.007237
41,rss_b4_0059,Novelty,bbc_health,surprise_framing,true,-0.001124,0.072296,0.018083,0.028986,0.025285,-0.028435,-0.029020,-0.017974
42,rss_b3_0010,ThreatSafety,bbc_world,short_declarative_present_tense,true,-0.001129,0.064789,0.001265,0.010889,0.010170,-0.003914,-0.013193,-0.006426
43,wk_s5_0018,Spatial,wikipedia_geography_anatomy,positional_relational,true,-0.001138,0.061795,0.004402,0.019324,0.026240,-0.018331,-0.023542,-0.010742
44,m2_010,ImageVisual,scientific_image,technical_descriptive,true,-0.001144,0.053029,0.004982,0.018968,0.017752,-0.016391,-0.023376,-0.003699
45,rss_b3_0031,ThreatSafety,nyt_world,short_declarative_present_tense,true,-0.001167,0.061509,0.013174,0.029020,0.023229,-0.028307,-0.024941,-0.014421
46,pm_s2_0063,Abstract,pubmed_abstract,formal_definition,true,-0.001169,0.063912,-0.009497,0.005733,0.007156,0.005968,-0.007034,-0.002744
47,wk_s4_0023,Factual,wikipedia_first_sentence,declarative_third_person,true,-0.001183,0.062103,0.003444,0.020869,0.019256,-0.017788,-0.022433,-0.004991
48,m3_009,AudioText,audio_caption,acoustic_descriptive,true,-0.001189,0.059542,0.024103,0.041925,0.044613,-0.039803,-0.049998,-0.026401
49,pm_b4_0091,Novelty,pubmed_abstract,academic_breakthrough,true,-0.001221,0.064428,0.006695,0.023251,0.023611,-0.026059,-0.022189,-0.007201
50,rss_b3_0035,ThreatSafety,nyt_world,short_declarative_present_tense,true,-0.001247,0.064258,0.030252,0.044489,0.038991,-0.040354,-0.045971,-0.032642
51,rss_b4_0076,Novelty,nyt_world,surprise_framing,true,-0.001273,0.066191,0.029917,0.047558,0.046267,-0.050714,-0.046320,-0.032080
52,rss_b3_0049,ThreatSafety,nyt_world,short_declarative_present_tense,true,-0.001282,0.069538,0.035757,0.054855,0.047970,-0.058330,-0.048943,-0.036839
53,s1_007,Narrative,reddit_personal_story,chronological_causal,true,-0.001286,0.069894,0.003950,0.018865,0.015646,-0.011544,-0.018682,-0.009831
54,m1_512_002,TextVerbal,wikipedia,neutral_declarative_512tok,true,-0.001287,0.067457,0.013497,0.034249,0.022895,-0.028174,-0.028023,-0.016632
55,s4_008,Factual,encyclopedia,declarative_third_person,true,-0.001292,0.069721,0.015640,0.031586,0.015413,-0.021090,-0.026060,-0.017416
56,m2_005,ImageVisual,image_caption,close_up_detail,true,-0.001308,0.058464,0.018459,0.033702,0.028616,-0.035461,-0.030099,-0.018193
57,wk_m1_0008,TextVerbal,wikipedia_long_form,neutral_declarative_512tok,true,-0.001331,0.060614,0.053269,0.072036,0.078292,-0.081094,-0.078284,-0.054086
58,rss_b3_0040,ThreatSafety,nyt_world,short_declarative_present_tense,true,-0.001336,0.059502,0.005650,0.022044,0.020282,-0.018330,-0.020003,-0.011497
59,s1_006,Narrative,reddit_personal_story,chronological_causal,true,-0.001344,0.060556,0.039221,0.056935,0.069444,-0.066414,-0.062801,-0.044737
60,rss_b4_0052,Novelty,bbc_science,surprise_framing,true,-0.001349,0.059392,0.006644,0.023436,0.023940,-0.018227,-0.023572,-0.014700
61,aud_m3_0010,AudioText,nature_recording,acoustic_descriptive,true,-0.001350,0.057823,0.023453,0.034505,0.049878,-0.040379,-0.048190,-0.025538
62,m3_003,AudioText,audio_caption,acoustic_descriptive,true,-0.001353,0.067201,0.018166,0.030066,0.031907,-0.028350,-0.034359,-0.021465
63,b3_004,ThreatSafety,emergency_alert,imperative_urgent,true,-0.001355,0.071880,0.031243,0.044774,0.047548,-0.045358,-0.045678,-0.038599
64,wk_s2_0004,Abstract,wikipedia_philosophy_math,dense_nominal_nested,true,-0.001356,0.067594,-0.002360,0.014209,0.022909,-0.014452,-0.017208,-0.004898
65,pm_s2_0061,Abstract,pubmed_abstract,formal_definition,true,-0.001359,0.068035,0.020499,0.032065,0.042821,-0.042024,-0.037174,-0.020951
66,wk_s5_0015,Spatial,wikipedia_geography_anatomy,positional_relational,true,-0.001378,0.067655,0.022157,0.042533,0.039532,-0.045325,-0.039679,-0.023302
67,rss_b4_0054,Novelty,bbc_science,surprise_framing,true,-0.001395,0.062022,0.048271,0.069426,0.067377,-0.071349,-0.069943,-0.052282
68,wc_m2_0035,ImageVisual,wikimedia_commons,sensory_descriptive,true,-0.001395,0.059571,0.004855,0.018452,0.017990,-0.013666,-0.020142,-0.009379
69,wc_m2_0029,ImageVisual,wikimedia_commons,sensory_descriptive,true,-0.001399,0.066710,-0.016371,-0.002992,-0.003219,0.011305,0.000260,0.012185
70,ax_s2_0036,Abstract,arxiv_abstract,formal_definition,true,-0.001402,0.076171,0.006749,0.019396,0.012308,-0.020625,-0.014788,-0.003773
71,pm_s2_0081,Abstract,pubmed_abstract,formal_definition,true,-0.001407,0.069427,0.028395,0.043626,0.046148,-0.047487,-0.046653,-0.029560
72,rss_b3_0023,ThreatSafety,bbc_health,short_declarative_present_tense,true,-0.001410,0.057676,0.038130,0.053544,0.057452,-0.058473,-0.057810,-0.040052
73,s2_011,Abstract,ai_philosophy,problem_statement,true,-0.001415,0.068254,0.031322,0.047714,0.048683,-0.048785,-0.049073,-0.035868
74,rss_b4_0086,Novelty,nyt_science,surprise_framing,true,-0.001423,0.069316,0.035693,0.051363,0.052903,-0.056330,-0.051114,-0.038940
75,ax_b4_0022,Novelty,arxiv_breakthrough,superlative_first_ever,true,-0.001426,0.059822,0.008198,0.022416,0.022503,-0.021415,-0.023157,-0.010796
76,wk_s5_0012,Spatial,wikipedia_geography_anatomy,positional_relational,true,-0.001429,0.062476,0.001597,0.021999,0.023201,-0.017149,-0.022810,-0.008824
77,b2_012,Reward,career_announcement,achievement_outcome,true,-0.001429,0.064417,0.003679,0.011322,0.012354,-0.008733,-0.012147,-0.007840
78,b3_009,ThreatSafety,security_breach,short_declarative_present_tense,true,-0.001437,0.057406,0.003472,0.015393,0.025222,-0.016245,-0.021642,-0.008820
79,b3_011,ThreatSafety,emergency_alert,imperative_urgent,true,-0.001446,0.061269,0.023220,0.039910,0.035238,-0.030543,-0.045408,-0.027245
80,rss_b3_0019,ThreatSafety,bbc_health,short_declarative_present_tense,true,-0.001446,0.058584,0.008102,0.024515,0.029948,-0.022886,-0.030383,-0.012516
81,ax_s2_0026,Abstract,arxiv_abstract,formal_definition,true,-0.001449,0.063358,0.001968,0.017348,0.010651,-0.015015,-0.013834,-0.001578
82,wk_s4_0014,Factual,wikipedia_first_sentence,declarative_third_person,true,-0.001454,0.062155,0.035335,0.060335,0.050592,-0.060733,-0.057061,-0.034199
83,rss_b4_0043,Novelty,bbc_world,surprise_framing,true,-0.001465,0.054968,-0.004658,0.011187,0.015335,-0.006145,-0.018806,0.001801
84,b4_004,Novelty,astronomy,surprise_framing,true,-0.001476,0.069907,0.009309,0.024262,0.025058,-0.022566,-0.025566,-0.013115
85,rss_b3_0027,ThreatSafety,bbc_tech,short_declarative_present_tense,true,-0.001486,0.076970,0.029033,0.044703,0.038586,-0.039832,-0.041474,-0.035994
86,rss_b3_0026,ThreatSafety,bbc_health,short_declarative_present_tense,true,-0.001486,0.053285,0.016880,0.033711,0.035193,-0.033630,-0.038105,-0.018031
87,wk_s5_0002,Spatial,wikipedia_geography_anatomy,positional_relational,true,-0.001487,0.062524,0.003296,0.021345,0.012874,-0.014654,-0.016725,-0.007003
88,b1_006,Social,customer_support,multi_agent_dialogue,true,-0.001488,0.061700,0.005266,0.014123,0.023789,-0.014166,-0.020291,-0.011467
89,b3_003,ThreatSafety,infrastructure_alert,short_declarative_present_tense,true,-0.001494,0.066836,0.027849,0.039750,0.037350,-0.039516,-0.040836,-0.029435
90,rss_b3_0030,ThreatSafety,nyt_world,short_declarative_present_tense,true,-0.001494,0.055830,-0.012896,0.003491,0.000080,0.003306,-0.002459,0.009516
91,hn_b4_0030,Novelty,hackernews_announcement,surprise_framing,true,-0.001499,0.079757,0.028220,0.043486,0.037703,-0.043988,-0.035367,-0.034445
92,wc_m2_0009,ImageVisual,wikimedia_commons,sensory_descriptive,true,-0.001511,0.053513,0.016931,0.026677,0.042452,-0.033239,-0.039250,-0.018711
93,ax_s2_0042,Abstract,arxiv_abstract,formal_definition,true,-0.001513,0.062859,0.022133,0.033379,0.037154,-0.041183,-0.035341,-0.020319
94,s5_005,Spatial,geography,positional_relational,true,-0.001516,0.059118,0.010780,0.027184,0.031477,-0.028586,-0.032907,-0.011237
95,rss_b4_0080,Novelty,nyt_world,surprise_framing,true,-0.001524,0.068076,0.004608,0.019225,0.015640,-0.010200,-0.020542,-0.010518
96,rss_b3_0054,ThreatSafety,nyt_world,short_declarative_present_tense,true,-0.001525,0.061810,0.037923,0.054977,0.054130,-0.055092,-0.057782,-0.041112
97,wk_m1_0012,TextVerbal,wikipedia_long_form,neutral_declarative_512tok,true,-0.001527,0.069207,-0.001198,0.017490,0.004487,-0.008188,-0.010731,-0.001603
98,m3_006,AudioText,medical_audio,spectral_descriptive,true,-0.001527,0.062709,0.025738,0.035387,0.036611,-0.041479,-0.040804,-0.019974
99,ax_b4_0010,Novelty,arxiv_breakthrough,superlative_first_ever,true,-0.001530,0.063877,-0.007459,0.005034,0.004011,-0.000032,-0.007036,0.005641
100,gt_s1_0006,Narrative,gutenberg_pride_and_prejudice,chronological_causal,true,-0.001534,0.064526,0.012925,0.026356,0.022250,-0.018015,-0.025581,-0.020794
101,rss_b4_0078,Novelty,nyt_world,surprise_framing,true,-0.001553,0.076977,0.022251,0.038695,0.033786,-0.038981,-0.032391,-0.027057
102,b1_005,Social,workplace_observation,implied_subtext,true,-0.001563,0.066887,0.032291,0.048420,0.035222,-0.051108,-0.044185,-0.024738
103,rss_b4_0045,Novelty,bbc_world,surprise_framing,true,-0.001568,0.062793,0.005496,0.022379,0.027094,-0.020177,-0.023816,-0.013648
104,wk_s5_0010,Spatial,wikipedia_geography_anatomy,positional_relational,true,-0.001569,0.061242,0.035475,0.056982,0.050653,-0.060510,-0.056120,-0.032310
105,pm_b4_0090,Novelty,pubmed_abstract,academic_breakthrough,true,-0.001572,0.066157,0.016520,0.026388,0.021843,-0.024829,-0.022666,-0.019886
106,s2_002,Abstract,philosophy,dense_nominal_nested,true,-0.001582,0.066174,0.033477,0.052419,0.043139,-0.047131,-0.048764,-0.038631
107,m2_003,ImageVisual,image_caption,close_up_detail,true,-0.001588,0.064373,0.012484,0.026638,0.025331,-0.021694,-0.027351,-0.018411
108,rss_b3_0006,ThreatSafety,bbc_world,short_declarative_present_tense,true,-0.001593,0.067708,0.022240,0.035526,0.041124,-0.039395,-0.039932,-0.024433
109,s4_005,Factual,encyclopedia,declarative_third_person,true,-0.001598,0.066208,0.018058,0.036490,0.036484,-0.033561,-0.038778,-0.022902
110,m3_002,AudioText,audio_caption,spectral_descriptive,true,-0.001606,0.063407,0.011972,0.033101,0.033353,-0.030940,-0.036176,-0.014732
111,gt_s1_0024,Narrative,gutenberg_the_war_of_the_worlds,chronological_causal,true,-0.001617,0.070309,0.020588,0.033226,0.036539,-0.043214,-0.031790,-0.019080
112,s4_007,Factual,encyclopedia,declarative_third_person,true,-0.001620,0.069037,0.025684,0.045366,0.047279,-0.048254,-0.043800,-0.031522
113,ax_b4_0003,Novelty,arxiv_breakthrough,superlative_first_ever,true,-0.001624,0.048557,0.016345,0.034504,0.039570,-0.041086,-0.036904,-0.016374
114,m2_008,ImageVisual,image_caption,sensory_descriptive,true,-0.001629,0.061877,0.017755,0.031910,0.030440,-0.033158,-0.032770,-0.017580
115,wk_s2_0003,Abstract,wikipedia_philosophy_math,dense_nominal_nested,true,-0.001634,0.064336,0.014805,0.028842,0.021384,-0.026676,-0.026088,-0.014578
116,gt_s1_0029,Narrative,gutenberg_great_expectations,chronological_causal,true,-0.001635,0.064117,0.011194,0.024399,0.024441,-0.029434,-0.022988,-0.009812
117,gt_s1_0015,Narrative,gutenberg_moby_dick,chronological_causal,true,-0.001643,0.067542,0.018661,0.030814,0.028336,-0.031388,-0.029641,-0.020069
118,s3_011,Emotional,reddit_personal,mixed_valence,true,-0.001644,0.068350,0.009760,0.023173,0.024534,-0.019665,-0.027815,-0.012859
119,gt_s1_0007,Narrative,gutenberg_alice_in_wonderland,chronological_causal,true,-0.001650,0.063810,0.022296,0.040991,0.037113,-0.042972,-0.037580,-0.023780
120,m1_128_004,TextVerbal,wikipedia,neutral_declarative_128tok,true,-0.001664,0.067862,0.034553,0.053560,0.050194,-0.055980,-0.050369,-0.037877
121,pm_s2_0071,Abstract,pubmed_abstract,formal_definition,true,-0.001672,0.063673,0.026218,0.046122,0.041098,-0.044950,-0.044915,-0.028315
122,wk_s4_0029,Factual,wikipedia_first_sentence,declarative_third_person,true,-0.001679,0.053282,0.008674,0.030835,0.020776,-0.022644,-0.024194,-0.015252
123,m1_128_003,TextVerbal,wikipedia,neutral_declarative_128tok,true,-0.001684,0.060097,0.009854,0.029412,0.026891,-0.024459,-0.030843,-0.013636
124,wk_s4_0030,Factual,wikipedia_first_sentence,declarative_third_person,true,-0.001698,0.071841,0.002843,0.019306,0.007030,-0.006911,-0.012295,-0.010502
125,b2_005,Reward,personal_achievement,achievement_outcome,true,-0.001701,0.071527,0.006969,0.018587,0.017513,-0.010378,-0.020589,-0.014358
126,wc_m2_0040,ImageVisual,wikimedia_commons,sensory_descriptive,true,-0.001706,0.063240,-0.006311,0.006579,0.006484,-0.003263,-0.008422,0.004887
127,s1_009,Narrative,business_news,chronological_causal,true,-0.001712,0.060858,0.032125,0.050200,0.056862,-0.052978,-0.056330,-0.036845
128,wk_s5_0006,Spatial,wikipedia_geography_anatomy,positional_relational,true,-0.001712,0.070341,0.006927,0.025956,0.022478,-0.023318,-0.018856,-0.014983
129,ax_s2_0047,Abstract,arxiv_abstract,formal_definition,true,-0.001712,0.050124,-0.021155,-0.002176,0.000221,0.012591,0.001487,0.010195
130,rss_b3_0057,ThreatSafety,nyt_science,short_declarative_present_tense,true,-0.001713,0.058447,0.013883,0.027661,0.020962,-0.022090,-0.026745,-0.016183
131,ax_b4_0002,Novelty,arxiv_breakthrough,superlative_first_ever,true,-0.001722,0.064354,0.014365,0.030287,0.030889,-0.032419,-0.029717,-0.016554
132,gt_s1_0012,Narrative,gutenberg_tom_sawyer,chronological_causal,true,-0.001724,0.068191,-0.010719,-0.001886,-0.000910,0.002345,0.005105,0.007142
133,b4_001,Novelty,science_news,surprise_framing,true,-0.001728,0.078437,0.023692,0.036843,0.037449,-0.038060,-0.034947,-0.029445
134,pm_b4_0108,Novelty,pubmed_abstract,academic_breakthrough,true,-0.001730,0.059969,0.022964,0.038014,0.026829,-0.035683,-0.036127,-0.019211
135,osm_s5_0028,Spatial,openstreetmap_nominatim,positional_relational,true,-0.001731,0.062472,-0.005119,0.005938,-0.001643,0.000186,-0.001705,0.003138
136,hn_b4_0027,Novelty,hackernews_announcement,surprise_framing,true,-0.001733,0.060189,-0.001612,0.009570,0.016492,-0.009035,-0.015570,-0.001340
137,aud_m3_0004,AudioText,music_description,spectral_descriptive,true,-0.001743,0.060422,0.024178,0.032797,0.050114,-0.042214,-0.048122,-0.023043
138,s5_001,Spatial,navigation_instructions,directional_relational,true,-0.001743,0.058699,-0.013267,-0.002904,-0.001832,0.011286,-0.000061,0.007472
139,wc_m2_0037,ImageVisual,wikimedia_commons,sensory_descriptive,true,-0.001744,0.054796,-0.005581,0.007151,0.018368,-0.008835,-0.012721,0.000262
140,pm_s2_0076,Abstract,pubmed_abstract,formal_definition,true,-0.001746,0.064150,-0.033828,-0.021484,-0.038988,0.040680,0.027878,0.031423
141,wk_s5_0007,Spatial,wikipedia_geography_anatomy,positional_relational,true,-0.001751,0.068024,0.009041,0.020403,0.020957,-0.024810,-0.020254,-0.007224
142,ax_s2_0038,Abstract,arxiv_abstract,formal_definition,true,-0.001751,0.062029,0.028536,0.046654,0.050077,-0.052799,-0.051876,-0.026345
143,aud_m3_0011,AudioText,nature_recording,acoustic_descriptive,true,-0.001755,0.064193,0.031925,0.047879,0.054417,-0.061094,-0.048357,-0.030730
144,m4_002,Multimodal,documentary,simultaneous_av,true,-0.001756,0.064918,0.024192,0.035265,0.032662,-0.031102,-0.035770,-0.029679
145,pm_s2_0086,Abstract,pubmed_abstract,formal_definition,true,-0.001757,0.069053,0.039284,0.054426,0.056301,-0.067491,-0.055815,-0.033213
146,s3_007,Emotional,reddit_personal,mixed_valence,true,-0.001759,0.057459,0.001071,0.016473,0.019369,-0.017013,-0.018389,-0.002998
147,aud_m3_0007,AudioText,crowd_recording,acoustic_descriptive,true,-0.001766,0.056446,0.019956,0.029082,0.041033,-0.032071,-0.041050,-0.022263
148,s5_002,Spatial,architectural_description,positional_relational,true,-0.001776,0.061646,0.027158,0.044731,0.047735,-0.048475,-0.047369,-0.029321
149,pm_s2_0074,Abstract,pubmed_abstract,formal_definition,true,-0.001780,0.058959,0.045802,0.062996,0.069991,-0.066799,-0.067637,-0.053353
150,wk_s4_0012,Factual,wikipedia_first_sentence,declarative_third_person,true,-0.001785,0.061391,0.034037,0.047611,0.048362,-0.057527,-0.045776,-0.032277
151,s2_010,Abstract,philosophy,hypothetical_framing,true,-0.001788,0.055925,0.025995,0.040512,0.040986,-0.037229,-0.050752,-0.025016
152,pm_s2_0082,Abstract,pubmed_abstract,formal_definition,true,-0.001792,0.060067,0.013679,0.032113,0.029599,-0.034903,-0.028953,-0.014227
153,wk_s2_0016,Abstract,wikipedia_philosophy_math,dense_nominal_nested,true,-0.001797,0.056571,0.042769,0.059887,0.067729,-0.068734,-0.062029,-0.047850
154,m1_32_001,TextVerbal,wikipedia,neutral_declarative_32tok,true,-0.001804,0.068378,0.025904,0.041016,0.045114,-0.044448,-0.043419,-0.029509
155,rss_b3_0011,ThreatSafety,bbc_world,short_declarative_present_tense,true,-0.001812,0.074978,0.042311,0.056574,0.064220,-0.067543,-0.059075,-0.044318
156,b1_009,Social,reddit_observation,theory_of_mind,true,-0.001817,0.062032,0.022614,0.037858,0.041199,-0.041961,-0.038135,-0.026216
157,aud_m3_0001,AudioText,nature_recording,acoustic_descriptive,true,-0.001828,0.058648,0.019528,0.030194,0.042688,-0.034101,-0.043738,-0.019965
158,rss_b3_0028,ThreatSafety,bbc_tech,short_declarative_present_tense,true,-0.001843,0.072321,0.036065,0.051650,0.050194,-0.049913,-0.054775,-0.039846
159,rss_b3_0003,ThreatSafety,bbc_world,short_declarative_present_tense,true,-0.001843,0.062440,-0.001889,0.010021,0.003088,-0.003869,-0.007127,-0.000106
160,rss_b4_0069,Novelty,bbc_health,surprise_framing,true,-0.001856,0.059523,-0.001269,0.016342,0.033033,-0.018750,-0.024192,-0.008198
161,rss_b3_0038,ThreatSafety,nyt_world,short_declarative_present_tense,true,-0.001857,0.060990,0.011619,0.032440,0.030705,-0.030292,-0.031647,-0.015821
162,wk_s2_0001,Abstract,wikipedia_philosophy_math,dense_nominal_nested,true,-0.001857,0.057688,0.016526,0.028793,0.030488,-0.034580,-0.027227,-0.017137
163,b3_007,ThreatSafety,infrastructure_alert,short_declarative_present_tense,true,-0.001872,0.061398,-0.001362,0.017127,0.010990,-0.007214,-0.016676,-0.003640
164,pm_s2_0060,Abstract,pubmed_abstract,formal_definition,true,-0.001879,0.063368,0.025381,0.044797,0.038675,-0.042203,-0.042676,-0.028487
165,hn_b4_0039,Novelty,hackernews_announcement,surprise_framing,true,-0.001883,0.069622,0.030057,0.044943,0.045249,-0.048898,-0.042543,-0.034158
166,wc_m2_0014,ImageVisual,wikimedia_commons,sensory_descriptive,true,-0.001885,0.067889,0.030659,0.046091,0.050896,-0.052562,-0.047353,-0.033704
167,b2_006,Reward,startup_announcement,achievement_outcome,true,-0.001891,0.065564,0.025588,0.045882,0.042727,-0.044382,-0.045139,-0.029614
168,wk_s4_0026,Factual,wikipedia_first_sentence,declarative_third_person,true,-0.001891,0.059230,0.018699,0.031839,0.040251,-0.040443,-0.039998,-0.014796
169,ax_s2_0054,Abstract,arxiv_abstract,formal_definition,true,-0.001892,0.065255,0.017532,0.033443,0.039697,-0.038720,-0.034254,-0.021884
170,wk_s2_0002,Abstract,wikipedia_philosophy_math,dense_nominal_nested,true,-0.001893,0.054463,0.042896,0.058538,0.057945,-0.065181,-0.059331,-0.042065
171,aud_m3_0005,AudioText,music_description,spectral_descriptive,true,-0.001912,0.062987,0.030913,0.047765,0.056781,-0.063963,-0.050027,-0.027487
172,rss_b4_0044,Novelty,bbc_world,surprise_framing,true,-0.001914,0.069699,0.010381,0.026606,0.014079,-0.017511,-0.021808,-0.013254
173,wk_s4_0015,Factual,wikipedia_first_sentence,declarative_third_person,true,-0.001924,0.059274,0.012869,0.027446,0.031237,-0.028738,-0.030127,-0.016063
174,rss_b3_0058,ThreatSafety,nyt_science,short_declarative_present_tense,true,-0.001931,0.051097,0.004269,0.020510,0.023328,-0.011509,-0.028864,-0.010554
175,wc_m2_0033,ImageVisual,wikimedia_commons,sensory_descriptive,true,-0.001940,0.056915,-0.009204,-0.000013,0.002659,-0.005719,0.000419,0.012793
176,s2_001,Abstract,philosophy,dense_nominal_nested,true,-0.001946,0.060743,0.028166,0.048743,0.048617,-0.050326,-0.051782,-0.029055
177,b4_006,Novelty,medical_research,accidental_discovery,true,-0.001951,0.061444,-0.010385,0.004201,0.005966,-0.005029,0.002608,0.003389
178,wk_s4_0005,Factual,wikipedia_first_sentence,declarative_third_person,true,-0.001955,0.058137,0.001008,0.018409,0.023382,-0.017647,-0.018452,-0.008601
179,ax_s2_0027,Abstract,arxiv_abstract,formal_definition,true,-0.001955,0.066914,0.009811,0.023303,0.025584,-0.028224,-0.026633,-0.006255
180,osm_s5_0025,Spatial,openstreetmap_nominatim,positional_relational,true,-0.001966,0.057258,0.002528,0.021023,0.014236,-0.017023,-0.017076,-0.004515
181,b4_012,Novelty,linguistics,unexpected_contrast,true,-0.001969,0.065493,0.030023,0.044676,0.042567,-0.042535,-0.044308,-0.035899
182,b4_009,Novelty,physics,unexpected_contrast,true,-0.001969,0.068867,0.017007,0.031102,0.032403,-0.028049,-0.033197,-0.023216
183,wc_m2_0011,ImageVisual,wikimedia_commons,sensory_descriptive,true,-0.001972,0.060570,0.002860,0.019093,0.014216,-0.013489,-0.022606,-0.001351
184,rss_b3_0052,ThreatSafety,nyt_world,short_declarative_present_tense,true,-0.001976,0.060191,0.028526,0.048679,0.049467,-0.051518,-0.048689,-0.032092
185,gt_s1_0011,Narrative,gutenberg_tom_sawyer,chronological_causal,true,-0.001978,0.072679,0.027489,0.040306,0.037475,-0.033702,-0.038621,-0.038079
186,b3_cp_headline,ThreatSafety,contrastive_pair,headline_format,true,-0.001986,0.059157,0.035788,0.042950,0.058118,-0.055692,-0.050679,-0.037824
187,wk_s2_0012,Abstract,wikipedia_philosophy_math,dense_nominal_nested,true,-0.001990,0.066688,0.033512,0.052451,0.054284,-0.056374,-0.054141,-0.036170
188,wk_s4_0019,Factual,wikipedia_first_sentence,declarative_third_person,true,-0.001993,0.064625,0.024795,0.039711,0.041533,-0.047380,-0.040714,-0.022499
189,s1_cp_chrono,Narrative,contrastive_pair,chronological_causal,true,-0.001995,0.067569,0.013457,0.031240,0.032958,-0.033778,-0.029962,-0.017131
190,s2_009,Abstract,physics,conditional_argument,true,-0.002008,0.066827,0.033088,0.050562,0.054151,-0.054845,-0.051944,-0.037482
191,rss_b3_0022,ThreatSafety,bbc_health,short_declarative_present_tense,true,-0.002010,0.056593,0.034502,0.049170,0.047041,-0.052081,-0.052926,-0.031655
192,ax_s2_0039,Abstract,arxiv_abstract,formal_definition,true,-0.002014,0.065735,0.027704,0.043349,0.039035,-0.043805,-0.040759,-0.030186
193,wc_m2_0038,ImageVisual,wikimedia_commons,sensory_descriptive,true,-0.002016,0.064483,0.009645,0.025252,0.031195,-0.020971,-0.034608,-0.014258
194,hn_b4_0024,Novelty,hackernews_announcement,surprise_framing,true,-0.002024,0.063378,0.002065,0.017091,0.013533,-0.014982,-0.010394,-0.008068
195,rss_b4_0049,Novelty,bbc_world,surprise_framing,true,-0.002031,0.064838,0.000487,0.015583,0.009238,-0.011762,-0.010091,-0.003754
196,m3_004,AudioText,music_description,spectral_descriptive,true,-0.002037,0.066017,0.019489,0.031112,0.037090,-0.036445,-0.034076,-0.021421
197,rss_b3_0059,ThreatSafety,nyt_science,short_declarative_present_tense,true,-0.002039,0.056906,0.018380,0.035787,0.035765,-0.029557,-0.039208,-0.025612
198,wk_s5_0005,Spatial,wikipedia_geography_anatomy,positional_relational,true,-0.002046,0.061402,0.013308,0.031084,0.032642,-0.031525,-0.031684,-0.017178
199,rss_b4_0064,Novelty,bbc_health,surprise_framing,true,-0.002046,0.057578,0.028298,0.044411,0.050664,-0.050309,-0.049577,-0.029454
200,ax_s2_0025,Abstract,arxiv_abstract,formal_definition,true,-0.002048,0.054715,0.018190,0.033172,0.025622,-0.023325,-0.035670,-0.021516
201,ax_s2_0019,Abstract,arxiv_abstract,formal_definition,true,-0.002053,0.053933,0.019199,0.035356,0.037224,-0.035342,-0.042460,-0.018395
202,wk_m4_0006,Multimodal,wikipedia_documentary,simultaneous_av,true,-0.002059,0.065137,0.012512,0.030493,0.028594,-0.033823,-0.028373,-0.011954
203,pm_b4_0096,Novelty,pubmed_abstract,academic_breakthrough,true,-0.002059,0.067309,0.031137,0.047145,0.044911,-0.049133,-0.048648,-0.030904
204,hn_s2_0059,Abstract,hackernews_discussion,conditional_argument,true,-0.002061,0.067154,-0.002795,0.009309,0.015940,-0.018118,-0.010623,0.005695
205,wc_m2_0001,ImageVisual,wikimedia_commons,sensory_descriptive,true,-0.002071,0.063539,0.022552,0.039277,0.047526,-0.050469,-0.044286,-0.019599
206,pm_b4_0102,Novelty,pubmed_abstract,academic_breakthrough,true,-0.002072,0.059682,0.004878,0.020508,0.030900,-0.025298,-0.029139,-0.004791
207,gt_s1_0020,Narrative,gutenberg_a_tale_of_two_cities,chronological_causal,true,-0.002072,0.057434,-0.003266,0.014128,0.006942,-0.007039,-0.007596,-0.003105
208,pm_b4_0089,Novelty,pubmed_abstract,academic_breakthrough,true,-0.002073,0.061475,0.036901,0.051317,0.044209,-0.053831,-0.048965,-0.035181
209,m4_003,Multimodal,cooking_video,simultaneous_av,true,-0.002078,0.064673,0.015917,0.026609,0.024847,-0.028869,-0.022601,-0.018583
210,wk_m1_0002,TextVerbal,wikipedia_long_form,neutral_declarative_512tok,true,-0.002079,0.064295,0.030055,0.041840,0.048285,-0.042419,-0.050256,-0.033934
211,wk_s5_0016,Spatial,wikipedia_geography_anatomy,positional_relational,true,-0.002081,0.062935,0.032840,0.049969,0.051718,-0.054546,-0.049033,-0.037047
212,pm_s2_0078,Abstract,pubmed_abstract,formal_definition,true,-0.002081,0.065698,0.006216,0.021493,0.012371,-0.012365,-0.019203,-0.009805
213,wk_m1_0005,TextVerbal,wikipedia_long_form,neutral_declarative_512tok,true,-0.002083,0.060895,0.008192,0.020555,0.014230,-0.012252,-0.020987,-0.011533
214,wk_s5_0013,Spatial,wikipedia_geography_anatomy,positional_relational,true,-0.002087,0.074896,0.027192,0.042991,0.045958,-0.052366,-0.041424,-0.027301
215,hn_b4_0032,Novelty,hackernews_announcement,surprise_framing,true,-0.002091,0.067576,0.007209,0.018735,0.018974,-0.016100,-0.020769,-0.010138
216,wc_m2_0039,ImageVisual,wikimedia_commons,sensory_descriptive,true,-0.002091,0.064007,0.003077,0.013596,0.021283,-0.012077,-0.016600,-0.011552
217,m2_002,ImageVisual,image_caption,sensory_descriptive,true,-0.002098,0.055899,0.041070,0.054131,0.059570,-0.061518,-0.063461,-0.037485
218,rss_b3_0025,ThreatSafety,bbc_health,short_declarative_present_tense,true,-0.002106,0.058264,0.027210,0.048685,0.048545,-0.047478,-0.054845,-0.027920
219,rss_b4_0062,Novelty,bbc_health,surprise_framing,true,-0.002116,0.070717,0.045998,0.060742,0.059306,-0.062397,-0.063438,-0.048114
220,pm_b4_0088,Novelty,pubmed_abstract,academic_breakthrough,true,-0.002116,0.064872,0.024024,0.038420,0.035916,-0.041928,-0.037216,-0.023287
221,s3_012,Emotional,reddit_personal,suppressed_negative,true,-0.002117,0.062900,0.026948,0.046610,0.041395,-0.042638,-0.049720,-0.027706
222,ax_b4_0004,Novelty,arxiv_breakthrough,superlative_first_ever,true,-0.002119,0.061422,0.020519,0.033532,0.034120,-0.042338,-0.032446,-0.016873
223,pm_b4_0100,Novelty,pubmed_abstract,academic_breakthrough,true,-0.002121,0.055574,0.033761,0.049313,0.061264,-0.056252,-0.053232,-0.042263
224,wc_m2_0050,ImageVisual,wikimedia_commons,sensory_descriptive,true,-0.002124,0.053540,0.006280,0.017253,0.027900,-0.026217,-0.026534,-0.001334
225,s5_011,Spatial,packing_instructions,positional_imperative,true,-0.002131,0.066235,0.013647,0.032306,0.024795,-0.031946,-0.029683,-0.011406
226,m3_001,AudioText,audio_caption,acoustic_descriptive,true,-0.002132,0.064060,0.022034,0.034112,0.039835,-0.036621,-0.037092,-0.027101
227,b2_002,Reward,career_announcement,achievement_outcome,true,-0.002146,0.054445,0.046213,0.065727,0.067353,-0.071632,-0.073072,-0.043043
228,wk_s4_0009,Factual,wikipedia_first_sentence,declarative_third_person,true,-0.002153,0.063022,0.016097,0.030011,0.031153,-0.032854,-0.030508,-0.017249
229,s5_012,Spatial,neuroscience,anatomical_positional,true,-0.002156,0.064352,0.029994,0.042619,0.042099,-0.048787,-0.043024,-0.027919
230,pm_b4_0104,Novelty,pubmed_abstract,academic_breakthrough,true,-0.002163,0.069875,0.024977,0.041565,0.041014,-0.038020,-0.042700,-0.031963
231,wc_m2_0024,ImageVisual,wikimedia_commons,sensory_descriptive,true,-0.002165,0.048683,0.009958,0.022833,0.032846,-0.026700,-0.037817,-0.004869
232,rss_b3_0005,ThreatSafety,bbc_world,short_declarative_present_tense,true,-0.002167,0.058916,0.013313,0.026217,0.032332,-0.028958,-0.034212,-0.012368
233,gt_s1_0013,Narrative,gutenberg_moby_dick,chronological_causal,true,-0.002171,0.058734,0.015584,0.032418,0.030522,-0.038480,-0.027579,-0.015179
234,rss_b4_0070,Novelty,bbc_health,surprise_framing,true,-0.002177,0.069855,0.000238,0.010861,0.007248,-0.008971,-0.010201,0.000492
235,s5_004,Spatial,installation_instructions,positional_imperative,true,-0.002179,0.064448,-0.000876,0.010862,0.009584,-0.012208,-0.007575,-0.000032
236,s4_001,Factual,encyclopedia,declarative_third_person,true,-0.002180,0.059577,-0.017540,-0.003693,-0.015428,0.021717,0.006163,0.011055
237,rss_b3_0048,ThreatSafety,nyt_world,short_declarative_present_tense,true,-0.002183,0.068068,0.030409,0.051611,0.054737,-0.058799,-0.053369,-0.030627
238,hn_s2_0058,Abstract,hackernews_discussion,conditional_argument,true,-0.002185,0.068902,0.030399,0.049664,0.049503,-0.051854,-0.050242,-0.033273
239,rss_b4_0046,Novelty,bbc_world,surprise_framing,true,-0.002187,0.066450,0.027682,0.042794,0.035931,-0.046427,-0.038313,-0.025713
240,aud_m3_0002,AudioText,nature_recording,acoustic_descriptive,true,-0.002191,0.057545,0.026228,0.042157,0.044666,-0.051745,-0.043310,-0.022802
241,pm_s2_0070,Abstract,pubmed_abstract,formal_definition,true,-0.002192,0.058825,0.028120,0.048723,0.051075,-0.056712,-0.050652,-0.026048
242,rss_b4_0066,Novelty,bbc_health,surprise_framing,true,-0.002193,0.069379,0.001112,0.015922,0.014262,-0.007869,-0.017821,-0.007049
243,wk_s5_0001,Spatial,wikipedia_geography_anatomy,positional_relational,true,-0.002197,0.067766,-0.006836,0.008063,0.003783,-0.004271,-0.008310,0.008023
244,wk_m1_0010,TextVerbal,wikipedia_long_form,neutral_declarative_512tok,true,-0.002200,0.064670,0.028538,0.048745,0.047247,-0.054226,-0.049967,-0.025531
245,s3_003,Emotional,twitter,first_person_positive,true,-0.002200,0.057760,0.016359,0.028750,0.037464,-0.035688,-0.038882,-0.012241
246,pm_s2_0088,Abstract,pubmed_abstract,formal_definition,true,-0.002200,0.062874,0.054083,0.069129,0.079871,-0.081724,-0.076872,-0.054630
247,rss_b4_0067,Novelty,bbc_health,surprise_framing,true,-0.002202,0.071530,-0.005852,0.006856,0.009845,-0.009401,-0.008701,0.007143
248,s3_004,Emotional,reddit_personal,first_person_negative,true,-0.002209,0.050366,-0.004740,0.011624,0.011465,-0.003252,-0.020261,0.004162
249,gt_s1_0002,Narrative,gutenberg_frankenstein,chronological_causal,true,-0.002216,0.053803,0.002237,0.019263,0.022782,-0.016511,-0.028058,-0.001951
250,wk_s4_0025,Factual,wikipedia_first_sentence,declarative_third_person,true,-0.002219,0.058165,0.013163,0.028583,0.035045,-0.037472,-0.035286,-0.007447
251,s4_010,Factual,encyclopedia,declarative_third_person,true,-0.002220,0.068103,0.001634,0.014762,0.016934,-0.014652,-0.012107,-0.007840
252,aud_m3_0008,AudioText,crowd_recording,acoustic_descriptive,true,-0.002226,0.060087,0.030784,0.044930,0.048398,-0.056495,-0.044167,-0.028805
253,s4_011,Factual,encyclopedia,declarative_third_person,true,-0.002229,0.059866,0.033087,0.049324,0.054074,-0.054529,-0.053804,-0.034714
254,rss_b3_0053,ThreatSafety,nyt_world,short_declarative_present_tense,true,-0.002231,0.058101,0.024087,0.036712,0.033386,-0.042205,-0.037160,-0.018602
255,s1_004,Narrative,reddit_personal_story,chronological_causal,true,-0.002239,0.057773,0.018362,0.034224,0.041740,-0.041346,-0.037118,-0.020271
256,b2_007,Reward,academic_achievement,second_person_praise,true,-0.002249,0.053602,0.021324,0.035773,0.032587,-0.032906,-0.042215,-0.018740
257,s4_012,Factual,encyclopedia,declarative_third_person,true,-0.002257,0.063929,0.020432,0.033073,0.026502,-0.028237,-0.031844,-0.023357
258,wk_s4_0027,Factual,wikipedia_first_sentence,declarative_third_person,true,-0.002258,0.055940,0.015987,0.032152,0.030422,-0.027377,-0.031732,-0.023031
259,ax_s2_0037,Abstract,arxiv_abstract,formal_definition,true,-0.002267,0.064350,0.015800,0.029517,0.025020,-0.029872,-0.034285,-0.009030
260,m1_32_003,TextVerbal,wikipedia,neutral_declarative_32tok,true,-0.002274,0.074412,0.028857,0.044437,0.043546,-0.051837,-0.043694,-0.026174
261,wk_m1_0004,TextVerbal,wikipedia_long_form,neutral_declarative_512tok,true,-0.002274,0.053821,0.022267,0.042759,0.045027,-0.048255,-0.045670,-0.020877
262,wk_s4_0022,Factual,wikipedia_first_sentence,declarative_third_person,true,-0.002276,0.052441,-0.005088,0.008015,0.000957,-0.000255,-0.007442,0.004216
263,b3_002,ThreatSafety,health_advisory,imperative_urgent,true,-0.002278,0.070536,0.047080,0.058357,0.062648,-0.069354,-0.057614,-0.048998
264,wk_s4_0018,Factual,wikipedia_first_sentence,declarative_third_person,true,-0.002279,0.062271,0.006290,0.024407,0.018008,-0.023162,-0.018060,-0.008687
265,rss_b4_0083,Novelty,nyt_science,surprise_framing,true,-0.002286,0.060020,0.035454,0.049774,0.042408,-0.048127,-0.047244,-0.037818
266,rss_b3_0017,ThreatSafety,bbc_science,short_declarative_present_tense,true,-0.002296,0.077033,0.037609,0.051631,0.054827,-0.066763,-0.048998,-0.034411
267,ax_s2_0031,Abstract,arxiv_abstract,formal_definition,true,-0.002304,0.061262,0.049022,0.065249,0.080105,-0.078994,-0.073956,-0.051317
268,b2_011,Reward,personal_announcement,positive_superlative,true,-0.002304,0.057483,0.024670,0.040766,0.049161,-0.046653,-0.048167,-0.025495
269,b3_008,ThreatSafety,emergency_alert,imperative_urgent,true,-0.002306,0.070171,0.059473,0.072432,0.068017,-0.075545,-0.074057,-0.059732
270,hn_b4_0042,Novelty,hackernews_announcement,surprise_framing,true,-0.002307,0.054872,0.017101,0.032616,0.042105,-0.033293,-0.044719,-0.018909
271,gt_s1_0008,Narrative,gutenberg_alice_in_wonderland,chronological_causal,true,-0.002308,0.065474,0.054832,0.067640,0.063724,-0.073598,-0.072579,-0.048653
272,rss_b4_0081,Novelty,nyt_science,surprise_framing,true,-0.002311,0.061175,0.043648,0.063898,0.060633,-0.068832,-0.064945,-0.041781
273,wk_s5_0003,Spatial,wikipedia_geography_anatomy,positional_relational,true,-0.002312,0.060417,0.021991,0.039408,0.041387,-0.039381,-0.042875,-0.025389
274,wk_s5_0011,Spatial,wikipedia_geography_anatomy,positional_relational,true,-0.002314,0.061906,0.042507,0.061838,0.054517,-0.063963,-0.055702,-0.045827
275,ax_s2_0051,Abstract,arxiv_abstract,formal_definition,true,-0.002315,0.060797,0.046005,0.063584,0.075712,-0.077000,-0.070601,-0.046831
276,rss_b4_0072,Novelty,bbc_health,surprise_framing,true,-0.002317,0.068179,0.039362,0.054463,0.056306,-0.057027,-0.056742,-0.043589
277,rss_b3_0056,ThreatSafety,nyt_science,short_declarative_present_tense,true,-0.002318,0.065078,0.027181,0.042736,0.044399,-0.045564,-0.040965,-0.032983
278,pm_b4_0107,Novelty,pubmed_abstract,academic_breakthrough,true,-0.002319,0.069117,0.015188,0.028574,0.022405,-0.022111,-0.024765,-0.022038
279,rss_b3_0032,ThreatSafety,nyt_world,short_declarative_present_tense,true,-0.002320,0.069492,0.035287,0.045382,0.049360,-0.053090,-0.049544,-0.033659
280,ax_s2_0028,Abstract,arxiv_abstract,formal_definition,true,-0.002323,0.058703,0.035993,0.054116,0.062331,-0.062322,-0.056913,-0.040538
281,s2_012,Abstract,philosophy,dialectical_structure,true,-0.002334,0.059592,0.036910,0.057258,0.061649,-0.064733,-0.065399,-0.032999
282,b2_003,Reward,product_review,positive_superlative,true,-0.002337,0.057283,0.009581,0.028234,0.041758,-0.031814,-0.036973,-0.015131
283,rss_b3_0050,ThreatSafety,nyt_world,short_declarative_present_tense,true,-0.002345,0.068156,0.034364,0.053828,0.051336,-0.056198,-0.052470,-0.036937
284,rss_b4_0061,Novelty,bbc_health,surprise_framing,true,-0.002346,0.066334,0.019519,0.034444,0.030610,-0.039616,-0.032147,-0.015904
285,rss_b4_0047,Novelty,bbc_world,surprise_framing,true,-0.002349,0.060192,0.024837,0.040434,0.035416,-0.036801,-0.042479,-0.025916
286,wk_s4_0017,Factual,wikipedia_first_sentence,declarative_third_person,true,-0.002351,0.059545,-0.014991,0.002282,-0.002278,0.007008,0.002777,0.006602
287,rss_b3_0008,ThreatSafety,bbc_world,short_declarative_present_tense,true,-0.002356,0.067257,-0.022792,-0.006385,-0.008961,0.012965,0.005388,0.022237
288,rss_b4_0065,Novelty,bbc_health,surprise_framing,true,-0.002374,0.054663,0.017804,0.032085,0.036373,-0.037654,-0.039618,-0.013027
289,rss_b3_0029,ThreatSafety,bbc_tech,short_declarative_present_tense,true,-0.002375,0.061646,0.026483,0.040454,0.042088,-0.042896,-0.041323,-0.029882
290,wc_m2_0041,ImageVisual,wikimedia_commons,sensory_descriptive,true,-0.002379,0.057016,-0.006127,0.004759,0.005368,-0.002694,-0.013127,0.011695
291,rss_b3_0024,ThreatSafety,bbc_health,short_declarative_present_tense,true,-0.002384,0.063817,0.057076,0.070126,0.073630,-0.088285,-0.076792,-0.044939
292,rss_b3_0009,ThreatSafety,bbc_world,short_declarative_present_tense,true,-0.002387,0.074144,0.040879,0.054005,0.057044,-0.066089,-0.055564,-0.037128
293,ax_s2_0034,Abstract,arxiv_abstract,formal_definition,true,-0.002398,0.054568,0.048412,0.066507,0.068157,-0.073083,-0.073509,-0.045147
294,rss_b4_0055,Novelty,bbc_science,surprise_framing,true,-0.002400,0.067118,0.066617,0.089587,0.088089,-0.098119,-0.090776,-0.066544
295,ax_b4_0017,Novelty,arxiv_breakthrough,superlative_first_ever,true,-0.002405,0.075214,0.038363,0.053714,0.060621,-0.065681,-0.054836,-0.039263
296,m1_128_001,TextVerbal,wikipedia,neutral_declarative_128tok,true,-0.002420,0.063554,0.021991,0.037664,0.021463,-0.028297,-0.033377,-0.022307
297,s1_008,Narrative,reddit_personal_story,chronological_causal,true,-0.002425,0.061804,0.027458,0.041622,0.049796,-0.053341,-0.047632,-0.023501
298,rss_b3_0043,ThreatSafety,nyt_world,short_declarative_present_tense,true,-0.002427,0.063466,0.005271,0.021992,0.018794,-0.020693,-0.020277,-0.006568
299,wk_s2_0006,Abstract,wikipedia_philosophy_math,dense_nominal_nested,true,-0.002429,0.060164,0.019406,0.036033,0.041836,-0.042353,-0.039502,-0.019890
300,rss_b4_0058,Novelty,bbc_science,surprise_framing,true,-0.002435,0.061979,0.021052,0.034883,0.034156,-0.039812,-0.032765,-0.021192
301,pm_b4_0110,Novelty,pubmed_abstract,academic_breakthrough,true,-0.002444,0.059055,0.022625,0.037370,0.039568,-0.043774,-0.040338,-0.019839
302,s2_005,Abstract,philosophy,dense_nominal_nested,true,-0.002447,0.065020,0.030434,0.048761,0.044053,-0.045685,-0.053001,-0.030172
303,gt_s1_0004,Narrative,gutenberg_pride_and_prejudice,chronological_causal,true,-0.002451,0.056704,0.043179,0.056883,0.054339,-0.066337,-0.057959,-0.036811
304,wc_m2_0010,ImageVisual,wikimedia_commons,sensory_descriptive,true,-0.002452,0.063263,0.010913,0.024439,0.022503,-0.018980,-0.033505,-0.008252
305,rss_b4_0071,Novelty,bbc_health,surprise_framing,true,-0.002453,0.060582,0.009046,0.019990,0.015406,-0.017273,-0.019619,-0.009229
306,pm_s2_0065,Abstract,pubmed_abstract,formal_definition,true,-0.002453,0.066820,0.030347,0.045653,0.050849,-0.046469,-0.052638,-0.034222
307,m3_010,AudioText,nature_recording,spectral_descriptive,true,-0.002453,0.060687,-0.002903,0.008800,0.009811,0.000834,-0.010290,-0.007309
308,m4_004,Multimodal,live_concert,simultaneous_av,true,-0.002454,0.060804,-0.013535,-0.001830,0.003355,-0.001053,0.002182,0.011837
309,wc_m2_0034,ImageVisual,wikimedia_commons,sensory_descriptive,true,-0.002454,0.056534,0.026949,0.040214,0.044385,-0.047300,-0.046555,-0.022960
310,pm_b4_0101,Novelty,pubmed_abstract,academic_breakthrough,true,-0.002467,0.059307,0.007904,0.023005,0.022180,-0.017735,-0.027059,-0.010805
311,wk_s2_0007,Abstract,wikipedia_philosophy_math,dense_nominal_nested,true,-0.002468,0.055802,-0.002968,0.015572,0.014504,-0.017069,-0.015905,0.005430
312,wk_m4_0004,Multimodal,wikipedia_documentary,simultaneous_av,true,-0.002476,0.062873,0.033914,0.054216,0.059873,-0.063845,-0.056735,-0.034137
313,hn_b4_0037,Novelty,hackernews_announcement,surprise_framing,true,-0.002480,0.070102,0.027966,0.039442,0.040593,-0.042967,-0.038841,-0.031186
314,pm_b4_0099,Novelty,pubmed_abstract,academic_breakthrough,true,-0.002481,0.060770,0.041529,0.057178,0.056131,-0.060404,-0.062040,-0.039653
315,rss_b3_0034,ThreatSafety,nyt_world,short_declarative_present_tense,true,-0.002483,0.057867,0.027130,0.041636,0.037692,-0.045028,-0.045593,-0.020365
316,rss_b4_0057,Novelty,bbc_science,surprise_framing,true,-0.002486,0.053883,0.041434,0.055989,0.068006,-0.064305,-0.072585,-0.037338
317,ax_s2_0053,Abstract,arxiv_abstract,formal_definition,true,-0.002487,0.053535,0.045739,0.063495,0.076017,-0.079074,-0.073190,-0.042068
318,b2_010,Reward,product_milestone,achievement_outcome,true,-0.002488,0.068067,0.029434,0.035902,0.042973,-0.042390,-0.042930,-0.028655
319,rss_b3_0047,ThreatSafety,nyt_world,short_declarative_present_tense,true,-0.002495,0.063116,0.060260,0.077602,0.078292,-0.086066,-0.084557,-0.055766
320,rss_b3_0012,ThreatSafety,bbc_world,short_declarative_present_tense,true,-0.002497,0.067875,0.026159,0.043953,0.043325,-0.041881,-0.049046,-0.027894
321,m1_128_002,TextVerbal,wikipedia,neutral_declarative_128tok,true,-0.002498,0.063333,0.018842,0.036006,0.030381,-0.030528,-0.037845,-0.020552
322,wk_m4_0005,Multimodal,wikipedia_documentary,simultaneous_av,true,-0.002508,0.069171,0.026012,0.041611,0.051307,-0.054243,-0.045321,-0.024896
323,rss_b3_0021,ThreatSafety,bbc_health,short_declarative_present_tense,true,-0.002515,0.063923,-0.020356,-0.011937,-0.007381,0.014920,0.008373,0.018202
324,s1_cp_bullets,Narrative,contrastive_pair,bullet_summary,true,-0.002517,0.064112,0.014238,0.025469,0.028546,-0.027138,-0.029125,-0.015286
325,wk_s4_0008,Factual,wikipedia_first_sentence,declarative_third_person,true,-0.002517,0.063923,0.029750,0.047779,0.050223,-0.052291,-0.049265,-0.032024
326,osm_s5_0032,Spatial,openstreetmap_nominatim,positional_relational,true,-0.002519,0.054533,0.038814,0.055355,0.057788,-0.064488,-0.061878,-0.032572
327,wk_s5_0009,Spatial,wikipedia_geography_anatomy,positional_relational,true,-0.002521,0.055597,0.037701,0.054072,0.048223,-0.054297,-0.056744,-0.035187
328,pm_b4_0112,Novelty,pubmed_abstract,academic_breakthrough,true,-0.002534,0.066816,0.032770,0.049762,0.051955,-0.059137,-0.050180,-0.031022
329,m4_008,Multimodal,security_camera,discordant_av,true,-0.002539,0.057779,0.027949,0.043753,0.038593,-0.048342,-0.047381,-0.019063
330,hn_b4_0033,Novelty,hackernews_announcement,surprise_framing,true,-0.002542,0.068922,0.041111,0.053880,0.055379,-0.061144,-0.053914,-0.042262
331,gt_s1_0022,Narrative,gutenberg_the_war_of_the_worlds,chronological_causal,true,-0.002544,0.060584,0.019878,0.034053,0.035913,-0.034349,-0.036969,-0.022805
332,rss_b3_0041,ThreatSafety,nyt_world,short_declarative_present_tense,true,-0.002553,0.066158,0.033223,0.045895,0.037959,-0.045653,-0.041977,-0.034348
333,ax_b4_0001,Novelty,arxiv_breakthrough,superlative_first_ever,true,-0.002557,0.059952,0.020819,0.040016,0.045861,-0.045335,-0.043148,-0.023122
334,m3_012,AudioText,ambient_recording,acoustic_descriptive,true,-0.002560,0.056332,0.039890,0.052966,0.062747,-0.060196,-0.067623,-0.035990
335,s3_006,Emotional,twitter,first_person_negative,true,-0.002566,0.065225,0.050784,0.068232,0.070093,-0.071975,-0.073449,-0.052848
336,b3_012,ThreatSafety,emergency_alert,short_declarative_present_tense,true,-0.002568,0.062882,0.041678,0.055242,0.065524,-0.065944,-0.064073,-0.040625
337,m4_006,Multimodal,silent_film,compensatory_av,true,-0.002570,0.056855,0.026737,0.043691,0.044674,-0.046681,-0.048324,-0.025376
338,wk_s2_0008,Abstract,wikipedia_philosophy_math,dense_nominal_nested,true,-0.002570,0.058430,0.026950,0.043088,0.032790,-0.044854,-0.040980,-0.020744
339,ax_s2_0021,Abstract,arxiv_abstract,formal_definition,true,-0.002573,0.057576,0.007902,0.023037,0.021449,-0.026211,-0.024204,-0.003759
340,rss_b4_0050,Novelty,bbc_science,surprise_framing,true,-0.002577,0.065081,0.024142,0.039754,0.036874,-0.043292,-0.036733,-0.024813
341,pm_s2_0072,Abstract,pubmed_abstract,formal_definition,true,-0.002583,0.057775,0.035502,0.051136,0.058018,-0.054652,-0.060669,-0.036749
342,ax_s2_0030,Abstract,arxiv_abstract,formal_definition,true,-0.002594,0.060149,0.033145,0.046564,0.052062,-0.052687,-0.052918,-0.032645
343,ax_s2_0018,Abstract,arxiv_abstract,formal_definition,true,-0.002596,0.067178,0.022518,0.032086,0.032075,-0.035138,-0.036378,-0.019189
344,ax_s2_0056,Abstract,arxiv_abstract,formal_definition,true,-0.002601,0.067746,0.019479,0.035732,0.039326,-0.040383,-0.036269,-0.022099
345,gt_s1_0023,Narrative,gutenberg_the_war_of_the_worlds,chronological_causal,true,-0.002602,0.062700,0.007280,0.020526,0.015877,-0.017126,-0.023778,-0.004451
346,rss_b4_0079,Novelty,nyt_world,surprise_framing,true,-0.002618,0.056802,0.012527,0.031493,0.020968,-0.023843,-0.026864,-0.016458
347,pm_s2_0080,Abstract,pubmed_abstract,formal_definition,true,-0.002619,0.056711,0.016660,0.031143,0.031552,-0.035762,-0.036399,-0.010576
348,pm_b4_0095,Novelty,pubmed_abstract,academic_breakthrough,true,-0.002624,0.057504,0.035753,0.049269,0.057056,-0.060464,-0.056644,-0.031851
349,ax_s2_0023,Abstract,arxiv_abstract,formal_definition,true,-0.002626,0.054986,0.025527,0.037612,0.047910,-0.048303,-0.043405,-0.024835
350,rss_b4_0060,Novelty,bbc_health,surprise_framing,true,-0.002635,0.057812,0.032402,0.046576,0.061414,-0.055109,-0.054950,-0.037820
351,b3_010,ThreatSafety,breaking_news,short_declarative_present_tense,true,-0.002637,0.062287,0.043553,0.054139,0.050247,-0.055945,-0.058633,-0.040350
352,b3_005,ThreatSafety,breaking_news,short_declarative_present_tense,true,-0.002641,0.069429,0.030167,0.041910,0.040128,-0.042311,-0.045263,-0.029920
353,b1_007,Social,twitter,implied_subtext,true,-0.002660,0.056624,0.026603,0.043532,0.042350,-0.045946,-0.048925,-0.022655
354,wk_s4_0002,Factual,wikipedia_first_sentence,declarative_third_person,true,-0.002667,0.066199,0.023433,0.038907,0.038366,-0.045615,-0.037439,-0.021732
355,wc_m2_0036,ImageVisual,wikimedia_commons,sensory_descriptive,true,-0.002667,0.062648,0.036781,0.048962,0.062853,-0.058274,-0.066185,-0.032244
356,s5_010,Spatial,seating_instructions,positional_relational,true,-0.002669,0.074089,0.011818,0.028097,0.026244,-0.036718,-0.025964,-0.005469
357,m2_012,ImageVisual,image_caption,aerial_descriptive,true,-0.002669,0.061017,0.029236,0.039331,0.052695,-0.050505,-0.046539,-0.030575
358,rss_b3_0044,ThreatSafety,nyt_world,short_declarative_present_tense,true,-0.002670,0.066118,0.040580,0.054617,0.055937,-0.060562,-0.058604,-0.039078
359,m1_512_001,TextVerbal,wikipedia,neutral_declarative_512tok,true,-0.002677,0.055504,0.057438,0.076311,0.076851,-0.082503,-0.080116,-0.057918
360,ax_s2_0029,Abstract,arxiv_abstract,formal_definition,true,-0.002680,0.056020,0.037699,0.054740,0.047768,-0.054157,-0.055628,-0.036558
361,m2_009,ImageVisual,image_caption,close_up_detail,true,-0.002684,0.063374,0.033193,0.049561,0.059261,-0.057622,-0.054945,-0.036495
362,s3_005,Emotional,twitter,metaphorical_negative,true,-0.002685,0.056354,0.013257,0.034573,0.024271,-0.024075,-0.035291,-0.015524
363,wc_m2_0023,ImageVisual,wikimedia_commons,sensory_descriptive,true,-0.002689,0.052767,0.005089,0.022536,0.033598,-0.028764,-0.030864,-0.004658
364,pm_s2_0087,Abstract,pubmed_abstract,formal_definition,true,-0.002689,0.063620,0.022783,0.037079,0.047238,-0.046704,-0.038804,-0.026738
365,pm_s2_0062,Abstract,pubmed_abstract,formal_definition,true,-0.002694,0.059354,0.036996,0.052067,0.054294,-0.054433,-0.057662,-0.038263
366,rss_b4_0077,Novelty,nyt_world,surprise_framing,true,-0.002697,0.059242,0.023145,0.040473,0.036785,-0.040774,-0.043028,-0.020868
367,osm_s5_0039,Spatial,openstreetmap_nominatim,positional_relational,true,-0.002699,0.056490,0.005789,0.019301,0.016468,-0.015793,-0.021801,-0.005633
368,rss_b3_0002,ThreatSafety,bbc_world,short_declarative_present_tense,true,-0.002700,0.065456,0.005150,0.020556,0.022147,-0.019921,-0.024550,-0.005476
369,pm_b4_0103,Novelty,pubmed_abstract,academic_breakthrough,true,-0.002700,0.056029,0.025117,0.040019,0.034358,-0.043406,-0.037743,-0.022205
370,pm_b4_0105,Novelty,pubmed_abstract,academic_breakthrough,true,-0.002701,0.057516,0.031162,0.049871,0.044496,-0.048315,-0.049876,-0.032795
371,m3_008,AudioText,nature_recording,spectral_descriptive,true,-0.002707,0.061832,0.045071,0.057090,0.070377,-0.075164,-0.067045,-0.038895
372,wc_m2_0021,ImageVisual,wikimedia_commons,sensory_descriptive,true,-0.002709,0.052265,-0.005211,0.011251,0.023677,-0.016309,-0.019956,0.004907
373,wk_m1_0007,TextVerbal,wikipedia_long_form,neutral_declarative_512tok,true,-0.002710,0.061912,0.031097,0.048233,0.042460,-0.052085,-0.045592,-0.028990
374,rss_b3_0001,ThreatSafety,bbc_world,short_declarative_present_tense,true,-0.002713,0.061553,0.029487,0.043727,0.047176,-0.056819,-0.048127,-0.020633
375,wk_m4_0001,Multimodal,wikipedia_documentary,simultaneous_av,true,-0.002718,0.054682,-0.013617,-0.000558,0.007399,-0.006536,-0.000080,0.014177
376,rss_b3_0020,ThreatSafety,bbc_health,short_declarative_present_tense,true,-0.002722,0.052949,0.051639,0.066342,0.078340,-0.082402,-0.079864,-0.043870
377,wc_m2_0022,ImageVisual,wikimedia_commons,sensory_descriptive,true,-0.002728,0.051467,0.002048,0.019030,0.033332,-0.027594,-0.028452,-0.001213
378,rss_b4_0082,Novelty,nyt_science,surprise_framing,true,-0.002730,0.070240,0.068927,0.086315,0.076431,-0.092173,-0.088637,-0.061174
379,m4_007,Multimodal,video_podcast,simultaneous_av,true,-0.002735,0.060478,0.040058,0.054717,0.061054,-0.062698,-0.064855,-0.035997
380,hn_b4_0040,Novelty,hackernews_announcement,surprise_framing,true,-0.002754,0.070038,-0.010206,0.000450,0.000008,-0.000401,0.002251,0.008976
381,m1_512_004,TextVerbal,wikipedia,neutral_declarative_512tok,true,-0.002758,0.056312,0.016021,0.033206,0.030274,-0.026699,-0.036925,-0.019593
382,rss_b3_0039,ThreatSafety,nyt_world,short_declarative_present_tense,true,-0.002769,0.050339,0.028049,0.041090,0.040395,-0.041147,-0.043814,-0.029755
383,b3_006,ThreatSafety,product_recall,imperative_urgent,true,-0.002770,0.061507,0.030947,0.047647,0.042536,-0.049420,-0.047009,-0.029798
384,ax_s2_0017,Abstract,arxiv_abstract,formal_definition,true,-0.002776,0.059315,0.017814,0.030319,0.037900,-0.030914,-0.034833,-0.024880
385,b2_008,Reward,workplace_praise,second_person_praise,true,-0.002778,0.055764,0.020631,0.038172,0.043830,-0.038544,-0.041078,-0.028093
386,pm_s2_0084,Abstract,pubmed_abstract,formal_definition,true,-0.002781,0.058680,0.034241,0.050736,0.061354,-0.063708,-0.057538,-0.032136
387,rss_b3_0014,ThreatSafety,bbc_science,short_declarative_present_tense,true,-0.002785,0.063687,0.033873,0.042974,0.053955,-0.059769,-0.052437,-0.025001
388,s4_002,Factual,encyclopedia,declarative_third_person,true,-0.002794,0.067572,0.043172,0.061211,0.058259,-0.061206,-0.062052,-0.046916
389,rss_b3_0042,ThreatSafety,nyt_world,short_declarative_present_tense,true,-0.002798,0.068565,0.030096,0.046145,0.046804,-0.044308,-0.050125,-0.034625
390,m2_011,ImageVisual,image_caption,sensory_descriptive,true,-0.002802,0.063372,0.012136,0.024489,0.029999,-0.028312,-0.029432,-0.012116
391,s3_001,Emotional,reddit_personal,first_person_positive,true,-0.002803,0.053872,0.036493,0.052324,0.062614,-0.056649,-0.069586,-0.033352
392,wk_s4_0011,Factual,wikipedia_first_sentence,declarative_third_person,true,-0.002810,0.062171,0.029090,0.042573,0.039664,-0.049643,-0.038993,-0.027155
393,wc_m2_0017,ImageVisual,wikimedia_commons,sensory_descriptive,true,-0.002812,0.065068,0.039274,0.044018,0.053746,-0.062009,-0.054291,-0.027510
394,rss_b3_0004,ThreatSafety,bbc_world,short_declarative_present_tense,true,-0.002816,0.060889,0.020595,0.031414,0.025031,-0.031787,-0.034465,-0.013928
395,gt_s1_0025,Narrative,gutenberg_crime_and_punishment,chronological_causal,true,-0.002826,0.054620,0.010079,0.025777,0.033459,-0.027329,-0.031998,-0.013557
396,m2_006,ImageVisual,image_caption,abstract_visual,true,-0.002840,0.057769,0.037195,0.050010,0.068789,-0.066343,-0.062648,-0.035257
397,wc_m2_0007,ImageVisual,wikimedia_commons,sensory_descriptive,true,-0.002843,0.065790,0.020007,0.028929,0.033879,-0.030259,-0.033051,-0.023837
398,b4_003,Novelty,ai_research,unexpected_contrast,true,-0.002845,0.066209,0.020365,0.032488,0.030795,-0.034909,-0.032115,-0.020180
399,b4_002,Novelty,archaeology,superlative_first_ever,true,-0.002848,0.057950,0.038605,0.051542,0.064397,-0.069914,-0.060878,-0.031263
400,pm_b4_0092,Novelty,pubmed_abstract,academic_breakthrough,true,-0.002851,0.062410,0.040255,0.055152,0.055529,-0.062341,-0.059959,-0.035568
401,wk_m1_0011,TextVerbal,wikipedia_long_form,neutral_declarative_512tok,true,-0.002857,0.054219,0.013051,0.030403,0.036549,-0.037314,-0.037142,-0.009151
402,osm_s5_0027,Spatial,openstreetmap_nominatim,positional_relational,true,-0.002860,0.049168,-0.000668,0.011208,0.010665,-0.000725,-0.017410,-0.004466
403,m4_010,Multimodal,read_aloud,parallel_encoding,true,-0.002860,0.065924,0.032216,0.042656,0.057364,-0.059129,-0.053646,-0.026220
404,s4_003,Factual,encyclopedia,declarative_third_person,true,-0.002861,0.064110,0.037814,0.057371,0.063269,-0.062500,-0.060380,-0.043190
405,s4_cp_passive,Factual,contrastive_pair,passive_declarative,true,-0.002861,0.066831,0.038092,0.057090,0.053804,-0.061561,-0.057193,-0.036667
406,ax_s2_0046,Abstract,arxiv_abstract,formal_definition,true,-0.002862,0.051923,0.037118,0.055195,0.060549,-0.060157,-0.058318,-0.041752
407,wk_s2_0015,Abstract,wikipedia_philosophy_math,dense_nominal_nested,true,-0.002863,0.053770,0.030458,0.044159,0.050139,-0.057047,-0.054724,-0.018787
408,gt_s1_0026,Narrative,gutenberg_crime_and_punishment,chronological_causal,true,-0.002872,0.059307,0.018451,0.035558,0.031635,-0.032531,-0.038627,-0.018206
409,pm_b4_0106,Novelty,pubmed_abstract,academic_breakthrough,true,-0.002874,0.065297,0.045486,0.061004,0.066030,-0.071044,-0.065245,-0.044409
410,s1_002,Narrative,reddit_personal_story,chronological_causal,true,-0.002877,0.058292,0.044768,0.060795,0.073158,-0.079205,-0.069734,-0.038379
411,ax_b4_0012,Novelty,arxiv_breakthrough,superlative_first_ever,true,-0.002881,0.064970,0.053361,0.072347,0.071765,-0.076247,-0.076769,-0.053781
412,wk_s5_0020,Spatial,wikipedia_geography_anatomy,positional_relational,true,-0.002883,0.070634,0.011879,0.028461,0.032084,-0.035775,-0.031679,-0.007905
413,gt_s1_0009,Narrative,gutenberg_alice_in_wonderland,chronological_causal,true,-0.002886,0.058998,0.024815,0.038866,0.045075,-0.044409,-0.049360,-0.020432
414,b4_007,Novelty,neurotechnology,superlative_first_ever,true,-0.002888,0.071900,0.035573,0.045087,0.048481,-0.050102,-0.047406,-0.037959
415,gt_s1_0030,Narrative,gutenberg_great_expectations,chronological_causal,true,-0.002889,0.060749,0.017835,0.031397,0.029438,-0.023371,-0.038232,-0.021151
416,b1_011,Social,twitter,implied_subtext,true,-0.002892,0.060065,0.036464,0.048181,0.053784,-0.062981,-0.055482,-0.026330
417,s1_011,Narrative,reddit_personal_story,chronological_causal,true,-0.002899,0.061385,0.043060,0.063994,0.066133,-0.073819,-0.067551,-0.039571
418,rss_b4_0056,Novelty,bbc_science,surprise_framing,true,-0.002901,0.053112,0.027114,0.043924,0.052252,-0.051590,-0.049087,-0.028577
419,gt_s1_0010,Narrative,gutenberg_tom_sawyer,chronological_causal,true,-0.002903,0.058441,-0.009317,0.005021,0.003464,0.002067,-0.009900,0.008863
420,wc_m2_0046,ImageVisual,wikimedia_commons,sensory_descriptive,true,-0.002904,0.062708,0.008271,0.019091,0.028649,-0.026121,-0.027478,-0.005335
421,pm_b4_0094,Novelty,pubmed_abstract,academic_breakthrough,true,-0.002905,0.066408,0.036242,0.050705,0.052886,-0.056901,-0.055826,-0.033680
422,wc_m2_0020,ImageVisual,wikimedia_commons,sensory_descriptive,true,-0.002906,0.049754,0.010287,0.028120,0.039802,-0.035885,-0.038712,-0.007554
423,rss_b3_0055,ThreatSafety,nyt_science,short_declarative_present_tense,true,-0.002913,0.059200,0.036734,0.051016,0.049770,-0.057052,-0.053995,-0.032638
424,s1_010,Narrative,reddit_personal_story,chronological_causal,true,-0.002926,0.060027,0.048337,0.063235,0.079149,-0.079708,-0.074583,-0.046152
425,wk_m1_0001,TextVerbal,wikipedia_long_form,neutral_declarative_512tok,true,-0.002933,0.059182,0.021677,0.037817,0.040568,-0.039868,-0.039864,-0.024984
426,wk_s4_0020,Factual,wikipedia_first_sentence,declarative_third_person,true,-0.002935,0.062731,0.048116,0.064486,0.067725,-0.074979,-0.070175,-0.043598
427,wc_m2_0027,ImageVisual,wikimedia_commons,sensory_descriptive,true,-0.002935,0.060649,0.011925,0.015976,0.026622,-0.025160,-0.017958,-0.014326
428,m4_011,Multimodal,nature_documentary,simultaneous_av,true,-0.002937,0.058660,0.039261,0.048173,0.052874,-0.060449,-0.056743,-0.029834
429,pm_s2_0067,Abstract,pubmed_abstract,formal_definition,true,-0.002938,0.064288,0.041580,0.055345,0.046362,-0.062012,-0.052589,-0.034410
430,gt_s1_0017,Narrative,gutenberg_sherlock_holmes,chronological_causal,true,-0.002939,0.059654,0.041608,0.059404,0.058641,-0.058716,-0.068247,-0.040488
431,pm_b4_0097,Novelty,pubmed_abstract,academic_breakthrough,true,-0.002948,0.057961,0.030834,0.040670,0.049369,-0.050957,-0.049497,-0.026514
432,wk_s5_0008,Spatial,wikipedia_geography_anatomy,positional_relational,true,-0.002954,0.055503,0.056941,0.073478,0.086370,-0.088381,-0.080382,-0.058809
433,wc_m2_0004,ImageVisual,wikimedia_commons,sensory_descriptive,true,-0.002964,0.059441,-0.001370,0.012042,0.015917,-0.009812,-0.015974,-0.002141
434,s1_005,Narrative,reddit_personal_story,chronological_causal,true,-0.002969,0.069503,0.041892,0.058431,0.068901,-0.065290,-0.068480,-0.044172
435,s2_007,Abstract,mathematics,formal_definition,true,-0.002972,0.063832,0.044525,0.063853,0.059447,-0.060176,-0.064431,-0.051085
436,rss_b3_0036,ThreatSafety,nyt_world,short_declarative_present_tense,true,-0.002978,0.068299,0.044408,0.056269,0.061738,-0.067832,-0.063154,-0.039236
437,wk_s4_0016,Factual,wikipedia_first_sentence,declarative_third_person,true,-0.002980,0.060954,0.025708,0.044786,0.040669,-0.046040,-0.044437,-0.025274
438,gt_s1_0028,Narrative,gutenberg_great_expectations,chronological_causal,true,-0.002982,0.062967,0.016918,0.030257,0.037072,-0.036575,-0.033631,-0.018043
439,b2_001,Reward,product_review,positive_superlative,true,-0.002985,0.069039,0.007729,0.022032,0.027227,-0.028402,-0.023373,-0.007576
440,wc_m2_0018,ImageVisual,wikimedia_commons,sensory_descriptive,true,-0.002986,0.052195,0.001104,0.017107,0.028747,-0.023412,-0.026558,0.000562
441,osm_s5_0037,Spatial,openstreetmap_nominatim,positional_relational,true,-0.002991,0.053981,-0.003296,0.004261,0.000505,-0.001590,-0.007318,0.007721
442,pm_s2_0068,Abstract,pubmed_abstract,formal_definition,true,-0.002993,0.063909,0.027289,0.042956,0.039420,-0.048109,-0.043614,-0.022413
443,m3_005,AudioText,audio_caption,acoustic_descriptive,true,-0.002998,0.065771,0.054093,0.066105,0.084586,-0.083119,-0.078044,-0.054375
444,rss_b4_0051,Novelty,bbc_science,surprise_framing,true,-0.003003,0.062308,0.026870,0.040700,0.030092,-0.043795,-0.041548,-0.015855
445,wk_s4_0004,Factual,wikipedia_first_sentence,declarative_third_person,true,-0.003009,0.047068,0.018227,0.039239,0.045503,-0.048942,-0.039979,-0.018363
446,rss_b3_0060,ThreatSafety,nyt_science,short_declarative_present_tense,true,-0.003012,0.056944,0.028658,0.040672,0.039617,-0.039798,-0.046965,-0.027506
447,b2_009,Reward,book_review,positive_superlative,true,-0.003013,0.054774,0.014503,0.028663,0.029997,-0.029640,-0.033894,-0.013006
448,hn_b4_0029,Novelty,hackernews_announcement,surprise_framing,true,-0.003015,0.070421,0.029302,0.038922,0.036865,-0.043618,-0.040540,-0.025589
449,osm_s5_0034,Spatial,openstreetmap_nominatim,positional_relational,true,-0.003021,0.065442,0.045673,0.060403,0.063653,-0.063309,-0.063512,-0.051280
450,osm_s5_0035,Spatial,openstreetmap_nominatim,positional_relational,true,-0.003023,0.061243,0.053682,0.066926,0.070995,-0.077404,-0.072882,-0.050535
451,pm_s2_0079,Abstract,pubmed_abstract,formal_definition,true,-0.003023,0.067131,0.028335,0.039927,0.047429,-0.050037,-0.041897,-0.029250
452,gt_s1_0005,Narrative,gutenberg_pride_and_prejudice,chronological_causal,true,-0.003025,0.069017,0.045403,0.060234,0.068724,-0.072838,-0.064143,-0.045759
453,wc_m2_0026,ImageVisual,wikimedia_commons,sensory_descriptive,true,-0.003039,0.058836,0.008676,0.023752,0.038909,-0.029595,-0.037196,-0.008707
454,s1_003,Narrative,business_news,chronological_causal,true,-0.003045,0.070157,0.042950,0.058760,0.056770,-0.067884,-0.059643,-0.037834
455,b4_010,Novelty,technology,superlative_first_ever,true,-0.003053,0.057757,0.031210,0.047323,0.042703,-0.047675,-0.047454,-0.031391
456,rss_b3_0051,ThreatSafety,nyt_world,short_declarative_present_tense,true,-0.003058,0.068346,0.016650,0.029875,0.036058,-0.029528,-0.036809,-0.020651
457,b1_010,Social,reddit_observation,theory_of_mind,true,-0.003061,0.060755,0.057381,0.077933,0.084455,-0.090076,-0.083896,-0.056245
458,pm_s2_0073,Abstract,pubmed_abstract,formal_definition,true,-0.003063,0.079492,0.024264,0.032750,0.039791,-0.046295,-0.034944,-0.019947
459,gt_s1_0027,Narrative,gutenberg_crime_and_punishment,chronological_causal,true,-0.003069,0.059032,0.007608,0.016646,0.018762,-0.021115,-0.020295,-0.003418
460,m4_012,Multimodal,music_video,synchronized_av,true,-0.003081,0.057724,0.005585,0.017041,0.020438,-0.015648,-0.019639,-0.009938
461,wc_m2_0019,ImageVisual,wikimedia_commons,sensory_descriptive,true,-0.003087,0.050969,0.003956,0.020908,0.030675,-0.026087,-0.030457,-0.001794
462,wc_m2_0032,ImageVisual,wikimedia_commons,sensory_descriptive,true,-0.003090,0.070300,0.041400,0.054084,0.053617,-0.065837,-0.059981,-0.029877
463,m4_009,Multimodal,medical_lecture,parallel_encoding,true,-0.003093,0.069582,0.032301,0.047032,0.056928,-0.051654,-0.053105,-0.038579
464,osm_s5_0029,Spatial,openstreetmap_nominatim,positional_relational,true,-0.003097,0.064441,0.020342,0.034224,0.043693,-0.038275,-0.042820,-0.022361
465,rss_b3_0045,ThreatSafety,nyt_world,short_declarative_present_tense,true,-0.003100,0.066401,0.031057,0.044942,0.050063,-0.051703,-0.048307,-0.032070
466,hn_b4_0025,Novelty,hackernews_announcement,surprise_framing,true,-0.003101,0.060778,0.023374,0.036606,0.042233,-0.037903,-0.046056,-0.023601
467,wk_s5_0017,Spatial,wikipedia_geography_anatomy,positional_relational,true,-0.003102,0.061079,0.012410,0.030059,0.019939,-0.027095,-0.028924,-0.008298
468,ax_s2_0043,Abstract,arxiv_abstract,formal_definition,true,-0.003109,0.054829,0.051848,0.070145,0.076038,-0.083685,-0.077130,-0.046507
469,rss_b3_0046,ThreatSafety,nyt_world,short_declarative_present_tense,true,-0.003114,0.065893,0.038568,0.055977,0.059611,-0.070121,-0.061937,-0.028900
470,wk_s4_0024,Factual,wikipedia_first_sentence,declarative_third_person,true,-0.003114,0.061407,0.014992,0.029121,0.041278,-0.039810,-0.036284,-0.013532
471,wk_s4_0021,Factual,wikipedia_first_sentence,declarative_third_person,true,-0.003125,0.058567,0.032536,0.049721,0.053756,-0.057830,-0.053301,-0.031114
472,wc_m2_0015,ImageVisual,wikimedia_commons,sensory_descriptive,true,-0.003136,0.055077,-0.014797,-0.005486,-0.005221,0.012428,-0.001360,0.015527
473,m3_011,AudioText,medical_audio,acoustic_descriptive,true,-0.003144,0.047531,0.001047,0.012397,0.017299,-0.010874,-0.024995,0.003225
474,pm_s2_0089,Abstract,pubmed_abstract,formal_definition,true,-0.003151,0.064449,0.017644,0.030531,0.028499,-0.030892,-0.031293,-0.017783
475,ax_s2_0044,Abstract,arxiv_abstract,formal_definition,true,-0.003155,0.060656,0.049611,0.066897,0.063781,-0.075711,-0.068534,-0.043960
476,m1_512_003,TextVerbal,wikipedia,neutral_declarative_512tok,true,-0.003158,0.058694,0.024015,0.041451,0.040516,-0.045462,-0.042532,-0.022466
477,wk_s4_0013,Factual,wikipedia_first_sentence,declarative_third_person,true,-0.003158,0.064699,0.009914,0.022306,0.019780,-0.017510,-0.020724,-0.016032
478,rss_b4_0073,Novelty,bbc_tech,surprise_framing,true,-0.003165,0.054628,0.030630,0.046515,0.041031,-0.043067,-0.050803,-0.029727
479,ax_s2_0035,Abstract,arxiv_abstract,formal_definition,true,-0.003172,0.055585,0.018893,0.032965,0.037110,-0.034376,-0.038293,-0.020699
480,gt_s1_0001,Narrative,gutenberg_frankenstein,chronological_causal,true,-0.003173,0.059173,0.030048,0.044313,0.046671,-0.038492,-0.049966,-0.038991
481,rss_b3_0015,ThreatSafety,bbc_science,short_declarative_present_tense,true,-0.003200,0.061946,0.032425,0.047607,0.052207,-0.050186,-0.059840,-0.028961
482,hn_b4_0041,Novelty,hackernews_announcement,surprise_framing,true,-0.003215,0.065483,0.054106,0.068926,0.073896,-0.077019,-0.075594,-0.053989
483,wk_s4_0010,Factual,wikipedia_first_sentence,declarative_third_person,true,-0.003216,0.068977,0.068255,0.085253,0.085057,-0.101529,-0.084684,-0.063003
484,pm_s2_0066,Abstract,pubmed_abstract,formal_definition,true,-0.003217,0.064918,0.043047,0.057124,0.051758,-0.056115,-0.060637,-0.042278
485,wc_m2_0012,ImageVisual,wikimedia_commons,sensory_descriptive,true,-0.003224,0.055691,0.020692,0.032856,0.043277,-0.041053,-0.045205,-0.015659
486,pm_s2_0075,Abstract,pubmed_abstract,formal_definition,true,-0.003224,0.058649,0.034842,0.046413,0.055021,-0.053814,-0.054227,-0.035218
487,s3_009,Emotional,reddit_personal,mixed_valence,true,-0.003233,0.058029,0.018025,0.035306,0.037736,-0.036616,-0.043203,-0.015556
488,ax_s2_0052,Abstract,arxiv_abstract,formal_definition,true,-0.003233,0.068727,0.020639,0.038373,0.032766,-0.034991,-0.038509,-0.022119
489,b1_012,Social,reddit_observation,implied_subtext,true,-0.003245,0.061591,0.059626,0.076841,0.088195,-0.091305,-0.086624,-0.057888
490,wc_m2_0002,ImageVisual,wikimedia_commons,sensory_descriptive,true,-0.003262,0.070728,0.034271,0.045870,0.047423,-0.057038,-0.045054,-0.031001
491,m4_005,Multimodal,sign_language,parallel_encoding,true,-0.003286,0.056406,0.012321,0.031050,0.024533,-0.025022,-0.031584,-0.013957
492,osm_s5_0038,Spatial,openstreetmap_nominatim,positional_relational,true,-0.003298,0.065351,0.030651,0.040136,0.032804,-0.040623,-0.037173,-0.030151
493,wk_s2_0009,Abstract,wikipedia_philosophy_math,dense_nominal_nested,true,-0.003307,0.058500,0.068801,0.087888,0.096789,-0.107185,-0.095713,-0.062611
494,gt_s1_0018,Narrative,gutenberg_sherlock_holmes,chronological_causal,true,-0.003316,0.066096,-0.000382,0.016156,0.012086,-0.010610,-0.016671,-0.001382
495,wc_m2_0003,ImageVisual,wikimedia_commons,sensory_descriptive,true,-0.003329,0.070183,0.032825,0.042540,0.048327,-0.052719,-0.048139,-0.028790
496,wk_s5_0014,Spatial,wikipedia_geography_anatomy,positional_relational,true,-0.003337,0.066119,0.033342,0.048682,0.060019,-0.066886,-0.052171,-0.029488
497,pm_b4_0109,Novelty,pubmed_abstract,academic_breakthrough,true,-0.003338,0.060500,0.032733,0.041610,0.052657,-0.050589,-0.051640,-0.031521
498,s1_012,Narrative,reddit_personal_story,chronological_causal,true,-0.003349,0.060158,0.025209,0.040766,0.036727,-0.037838,-0.043345,-0.026177
499,wk_m1_0009,TextVerbal,wikipedia_long_form,neutral_declarative_512tok,true,-0.003367,0.058980,0.035777,0.052852,0.055315,-0.067543,-0.056184,-0.026310
500,wk_s5_0019,Spatial,wikipedia_geography_anatomy,positional_relational,true,-0.003368,0.069713,0.056818,0.074347,0.081598,-0.091045,-0.078890,-0.052760
501,osm_s5_0024,Spatial,openstreetmap_nominatim,positional_relational,true,-0.003378,0.060458,0.021719,0.035101,0.033698,-0.030046,-0.044574,-0.020522
502,m2_007,ImageVisual,satellite_image,aerial_descriptive,true,-0.003396,0.051229,0.030128,0.047051,0.051652,-0.050885,-0.053879,-0.030332
503,b1_001,Social,reddit_observation,theory_of_mind,true,-0.003400,0.065695,0.027270,0.042101,0.039462,-0.036404,-0.049161,-0.028677
504,s5_003,Spatial,astronomy,positional_relational,true,-0.003414,0.059182,0.020734,0.034267,0.040852,-0.045450,-0.042124,-0.012663
505,gt_s1_0021,Narrative,gutenberg_a_tale_of_two_cities,chronological_causal,true,-0.003429,0.057389,0.048260,0.062390,0.057578,-0.065334,-0.066812,-0.043840
506,wk_s2_0011,Abstract,wikipedia_philosophy_math,dense_nominal_nested,true,-0.003442,0.059635,0.063225,0.078516,0.084717,-0.088331,-0.091042,-0.058412
507,ax_s2_0020,Abstract,arxiv_abstract,formal_definition,true,-0.003445,0.064629,0.028239,0.037502,0.041515,-0.043062,-0.043528,-0.025961
508,rss_b4_0048,Novelty,bbc_world,surprise_framing,true,-0.003446,0.059405,0.051569,0.072049,0.075736,-0.081607,-0.076113,-0.050925
509,b1_003,Social,twitter,implied_subtext,true,-0.003449,0.076054,0.046647,0.060410,0.065297,-0.073121,-0.063767,-0.043502
510,b4_005,Novelty,biology,unexpected_contrast,true,-0.003457,0.059337,0.031895,0.045606,0.057791,-0.057193,-0.054048,-0.030893
511,wc_m2_0025,ImageVisual,wikimedia_commons,sensory_descriptive,true,-0.003462,0.060702,0.033556,0.041966,0.054149,-0.046910,-0.057336,-0.032821
512,s2_008,Abstract,mathematics,paradox_statement,true,-0.003464,0.058738,0.051986,0.072039,0.082705,-0.082297,-0.077619,-0.057017
513,wk_s2_0005,Abstract,wikipedia_philosophy_math,dense_nominal_nested,true,-0.003464,0.058176,0.039238,0.054413,0.054292,-0.059274,-0.059459,-0.036098
514,gt_s1_0014,Narrative,gutenberg_moby_dick,chronological_causal,true,-0.003471,0.069832,0.045876,0.058115,0.056543,-0.066659,-0.059387,-0.041716
515,wk_s2_0010,Abstract,wikipedia_philosophy_math,dense_nominal_nested,true,-0.003476,0.056470,0.065061,0.085590,0.090386,-0.100256,-0.093127,-0.058964
516,osm_s5_0031,Spatial,openstreetmap_nominatim,positional_relational,true,-0.003481,0.053403,0.016473,0.025183,0.025409,-0.029875,-0.029934,-0.010213
517,osm_s5_0023,Spatial,openstreetmap_nominatim,positional_relational,true,-0.003496,0.059545,0.051859,0.059348,0.064769,-0.075489,-0.063759,-0.045068
518,osm_s5_0036,Spatial,openstreetmap_nominatim,positional_relational,true,-0.003521,0.055784,0.025828,0.037356,0.038901,-0.038427,-0.041256,-0.027389
519,wc_m2_0016,ImageVisual,wikimedia_commons,sensory_descriptive,true,-0.003544,0.046169,-0.003937,0.009861,0.003659,-0.002825,-0.017884,0.011023
520,wc_m2_0030,ImageVisual,wikimedia_commons,sensory_descriptive,true,-0.003554,0.049415,-0.027673,-0.024829,0.011996,0.016112,0.001929,0.021964
521,m2_004,ImageVisual,image_caption,sensory_descriptive,true,-0.003576,0.063707,0.011822,0.020463,0.031655,-0.023740,-0.031976,-0.012103
522,m4_001,Multimodal,news_broadcast,simultaneous_av,true,-0.003596,0.070652,0.025836,0.036481,0.040479,-0.035877,-0.043658,-0.028700
523,wk_s4_0006,Factual,wikipedia_first_sentence,declarative_third_person,true,-0.003597,0.057142,0.032830,0.046805,0.062830,-0.059121,-0.062825,-0.028156
524,wc_m2_0013,ImageVisual,wikimedia_commons,sensory_descriptive,true,-0.003598,0.057025,0.023037,0.035919,0.044497,-0.042057,-0.047221,-0.019555
525,pm_b4_0087,Novelty,pubmed_abstract,academic_breakthrough,true,-0.003616,0.062968,0.063967,0.077124,0.082814,-0.089254,-0.086120,-0.059533
526,rss_b3_0007,ThreatSafety,bbc_world,short_declarative_present_tense,true,-0.003645,0.059597,0.024878,0.036888,0.035465,-0.041227,-0.038441,-0.021773
527,osm_s5_0022,Spatial,openstreetmap_nominatim,positional_relational,true,-0.003650,0.052300,0.014684,0.024776,0.026424,-0.022298,-0.028037,-0.018928
528,b2_004,Reward,restaurant_review,positive_superlative,true,-0.003655,0.060410,0.051284,0.068357,0.070711,-0.076361,-0.074241,-0.048777
529,wk_m4_0002,Multimodal,wikipedia_documentary,simultaneous_av,true,-0.003660,0.063604,0.046801,0.066229,0.076213,-0.084869,-0.072207,-0.040897
530,rss_b4_0063,Novelty,bbc_health,surprise_framing,true,-0.003666,0.068871,0.034597,0.045446,0.043553,-0.057681,-0.045436,-0.025532
531,wk_s2_0013,Abstract,wikipedia_philosophy_math,dense_nominal_nested,true,-0.003678,0.057770,0.056690,0.073017,0.076228,-0.089014,-0.078540,-0.047783
532,s5_008,Spatial,navigation_instructions,directional_relational,true,-0.003689,0.054545,0.049094,0.063360,0.076941,-0.076847,-0.074229,-0.048007
533,osm_s5_0026,Spatial,openstreetmap_nominatim,positional_relational,true,-0.003723,0.059011,0.038582,0.049411,0.050928,-0.058968,-0.057090,-0.029338
534,wk_s4_0028,Factual,wikipedia_first_sentence,declarative_third_person,true,-0.003728,0.061514,0.036453,0.042834,0.060612,-0.054668,-0.057803,-0.035399
535,wk_s4_0007,Factual,wikipedia_first_sentence,declarative_third_person,true,-0.003735,0.059462,0.061309,0.081619,0.084402,-0.095759,-0.089948,-0.052130
536,gt_s1_0003,Narrative,gutenberg_frankenstein,chronological_causal,true,-0.003746,0.058184,0.023684,0.042167,0.049514,-0.047447,-0.048772,-0.024742
537,b1_004,Social,reddit_observation,theory_of_mind,true,-0.003754,0.060467,0.046245,0.055417,0.058408,-0.073308,-0.062391,-0.031580
538,pm_s2_0077,Abstract,pubmed_abstract,formal_definition,true,-0.003792,0.055875,0.044282,0.060224,0.071784,-0.075305,-0.074418,-0.035327
539,osm_s5_0033,Spatial,openstreetmap_nominatim,positional_relational,true,-0.003804,0.066775,0.048501,0.064162,0.056486,-0.071524,-0.062643,-0.042056
540,rss_b4_0074,Novelty,bbc_tech,surprise_framing,true,-0.003815,0.062344,0.045018,0.054281,0.065172,-0.069382,-0.068291,-0.035177
541,ax_s2_0024,Abstract,arxiv_abstract,formal_definition,true,-0.003819,0.067203,0.032579,0.046071,0.047124,-0.054005,-0.046999,-0.030344
542,wk_m1_0003,TextVerbal,wikipedia_long_form,neutral_declarative_512tok,true,-0.003837,0.061611,0.030266,0.043410,0.050410,-0.056509,-0.050111,-0.023219
543,wc_m2_0031,ImageVisual,wikimedia_commons,sensory_descriptive,true,-0.003859,0.050350,-0.027216,-0.025557,0.011048,0.015986,0.002163,0.023145
544,s4_006,Factual,encyclopedia,declarative_third_person,true,-0.003890,0.063290,0.038994,0.050733,0.058368,-0.058661,-0.056391,-0.040471
545,ax_s2_0040,Abstract,arxiv_abstract,formal_definition,true,-0.003895,0.061619,0.065171,0.080300,0.073928,-0.088602,-0.081581,-0.059054
546,s2_004,Abstract,philosophy,conditional_argument,true,-0.003898,0.059849,0.076046,0.093208,0.101077,-0.114286,-0.102525,-0.066366
547,osm_s5_0021,Spatial,openstreetmap_nominatim,positional_relational,true,-0.003931,0.058041,0.024978,0.039635,0.030927,-0.037480,-0.040022,-0.021898
548,s5_007,Spatial,architectural_description,positional_relational,true,-0.003959,0.059223,0.044659,0.064513,0.066417,-0.073614,-0.069337,-0.040627
549,hn_b4_0036,Novelty,hackernews_announcement,surprise_framing,true,-0.003989,0.066663,0.036194,0.051967,0.050542,-0.053140,-0.055350,-0.036684
550,s1_001,Narrative,reddit_personal_story,chronological_causal,true,-0.004017,0.055855,0.011628,0.019926,0.029498,-0.028245,-0.029722,-0.006332
551,wc_m2_0051,ImageVisual,wikimedia_commons,sensory_descriptive,true,-0.004032,0.058713,0.010135,0.016547,0.034172,-0.023367,-0.030473,-0.011135
552,rss_b4_0085,Novelty,nyt_science,surprise_framing,true,-0.004069,0.058965,0.038485,0.051402,0.055874,-0.056406,-0.064332,-0.032426
553,rss_b4_0075,Novelty,nyt_world,surprise_framing,true,-0.004085,0.056249,0.050321,0.069103,0.076149,-0.081104,-0.077164,-0.046670
554,hn_b4_0026,Novelty,hackernews_announcement,surprise_framing,true,-0.004131,0.047377,-0.003663,0.001120,0.003639,0.002181,-0.005284,0.001649
555,b1_002,Social,twitter,multi_agent_dialogue,true,-0.004148,0.063426,0.039183,0.047936,0.056017,-0.058025,-0.053320,-0.038973
556,gt_s1_0019,Narrative,gutenberg_a_tale_of_two_cities,chronological_causal,true,-0.004158,0.068127,0.046184,0.060877,0.059999,-0.059382,-0.067004,-0.048964
557,wk_m4_0003,Multimodal,wikipedia_documentary,simultaneous_av,true,-0.004188,0.052777,0.049602,0.067798,0.072127,-0.083593,-0.075630,-0.038920
558,wc_m2_0052,ImageVisual,wikimedia_commons,sensory_descriptive,true,-0.004190,0.058713,0.092227,0.104996,0.119652,-0.126298,-0.121486,-0.085238
559,gt_s1_0016,Narrative,gutenberg_sherlock_holmes,chronological_causal,true,-0.004193,0.054345,0.024283,0.037928,0.039699,-0.040896,-0.047983,-0.017970
560,b3_cp_narrative,ThreatSafety,contrastive_pair,first_person_narrative,true,-0.004220,0.058302,0.009651,0.017812,0.026684,-0.023935,-0.025124,-0.008003
561,s5_009,Spatial,neuroscience,anatomical_positional,true,-0.004247,0.060805,0.053966,0.069243,0.068994,-0.083144,-0.070885,-0.046686
562,hn_b4_0034,Novelty,hackernews_announcement,surprise_framing,true,-0.004263,0.061184,0.022771,0.031377,0.029205,-0.029048,-0.038432,-0.020032
563,ax_b4_0005,Novelty,arxiv_breakthrough,superlative_first_ever,true,-0.004268,0.059857,0.057568,0.079334,0.078802,-0.090121,-0.082212,-0.053039
564,b1_008,Social,reddit_observation,implied_subtext,true,-0.004336,0.061522,0.014677,0.028725,0.030080,-0.025088,-0.035491,-0.016641
565,m2_001,ImageVisual,image_caption,sensory_descriptive,true,-0.004359,0.052965,0.050984,0.063578,0.076730,-0.079707,-0.080662,-0.040740
566,wc_m2_0044,ImageVisual,wikimedia_commons,sensory_descriptive,true,-0.004576,0.062475,0.035095,0.039291,0.056659,-0.058482,-0.050699,-0.028860
567,wk_s2_0014,Abstract,wikipedia_philosophy_math,dense_nominal_nested,true,-0.004607,0.063209,0.065686,0.081035,0.083065,-0.089485,-0.088508,-0.062938
568,wc_m2_0042,ImageVisual,wikimedia_commons,sensory_descriptive,true,-0.004690,0.057150,0.027513,0.035048,0.038150,-0.041062,-0.045369,-0.019315
569,s3_008,Emotional,reddit_personal,mixed_valence,true,-0.004695,0.049996,0.001219,0.015244,0.012168,-0.013640,-0.017280,0.001473
570,wc_m2_0045,ImageVisual,wikimedia_commons,sensory_descriptive,true,-0.004708,0.056059,0.023268,0.029271,0.054303,-0.043882,-0.054679,-0.015168
571,wc_m2_0028,ImageVisual,wikimedia_commons,sensory_descriptive,true,-0.004737,0.061189,0.050744,0.066432,0.067229,-0.081781,-0.071181,-0.039590
572,wc_m2_0006,ImageVisual,wikimedia_commons,sensory_descriptive,true,-0.004758,0.052638,0.016169,0.029027,0.043675,-0.036317,-0.040788,-0.016770
573,wc_m2_0043,ImageVisual,wikimedia_commons,sensory_descriptive,true,-0.004792,0.056941,0.030147,0.038390,0.039653,-0.043325,-0.048699,-0.021508
574,osm_s5_0040,Spatial,openstreetmap_nominatim,positional_relational,true,-0.004807,0.057968,0.028346,0.038084,0.044533,-0.044021,-0.045206,-0.027397
575,s2_006,Abstract,philosophy,dense_nominal_nested,true,-0.004842,0.051805,0.079008,0.093616,0.103183,-0.116521,-0.109732,-0.062977
576,osm_s5_0030,Spatial,openstreetmap_nominatim,positional_relational,true,-0.004939,0.047061,0.027592,0.037669,0.043475,-0.047354,-0.045517,-0.021102
577,s5_006,Spatial,landscape_description,positional_relational,true,-0.005369,0.059593,0.070252,0.083953,0.091593,-0.104618,-0.095826,-0.057138
